DECISION,Acronym,What it stands for,Why we suggested that,Group,User typed the acronym,Used in a longer search,User typed the long name,First searched,Times in documents,Times in titles,In UNTERM,UNTERM says,Agrees with us,UNTERM link,Anything to watch out for,Rule to paste into documents.sr
Yes,unfccc,united nations framework convention climate change,"users type this, and it is not an everyday word",1 - Best picks,Yes,Yes,Yes,2023-09-20,5038,62,Yes,United Nations Framework Convention on Climate Change,Matches,https://unterm.un.org/unterm2/en/view/8e73a1c6-f1fb-4575-a962-82cc432a3ccf,,"unfccc +> ?""united nations framework convention climate change"";"
Yes,chp,combined heat power,"users type this, and it is not an everyday word",1 - Best picks,Yes,Yes,Yes,2024-01-10,595,,Yes,,no expansion given,https://unterm.un.org/unterm2/en/view/73e8f31c-aed1-482d-be85-f81f9a8e8975,,"chp +> ?""combined heat power"";"
Yes,esia,environmental social impact assessment,"users type this, and it is not an everyday word",1 - Best picks,Yes,Yes,No,2026-08-11,496,,Yes,environmental and social impact assessment,Matches,https://unterm.un.org/unterm2/en/view/fdb6ce7b-8919-4574-bbac-7b31821cbe6c,,"esia +> ?""environmental social impact assessment"";"
Yes,cdm,clean development mechanism,"users type this, and it is not an everyday word",1 - Best picks,Yes,Yes,Yes,2024-11-15,487,2,Yes,Clean Development Mechanism,Matches,https://unterm.un.org/unterm2/en/view/b528b80d-2715-4416-b5df-0d88facae1cc,,"cdm +> ?""clean development mechanism"";"
Yes,iucn,international union conservation nature,"users type this, and it is not an everyday word",1 - Best picks,Yes,Yes,No,2024-11-28,460,5,Yes,International Union for Conservation of Nature and Natural Resources,Close,https://unterm.un.org/unterm2/en/view/d4370042-f301-4453-83fe-1cf4c7f02d53,,"iucn +> ?""international union conservation nature"";"
Yes,msw,municipal solid waste,"users type this, and it is not an everyday word",1 - Best picks,Yes,Yes,Yes,2024-11-15,428,,Yes,municipal solid waste,Matches,https://unterm.un.org/unterm2/en/view/68daa5ad-63fa-4d45-992a-94b1f7cca47d,,"msw +> ?""municipal solid waste"";"
Yes,sasb,sustainability accounting standards board,"users type this, and it is not an everyday word",1 - Best picks,Yes,Yes,No,2025-12-17,396,1,Yes,Sustainability Accounting Standards Board,Matches,https://unterm.un.org/unterm2/en/view/554e2702-4af0-46b9-b215-4abb9cdf4caf,,"sasb +> ?""sustainability accounting standards board"";"
Yes,ifad,international fund agricultural development,"users type this, and it is not an everyday word",1 - Best picks,Yes,No,No,2024-11-21,341,,Yes,International Fund for Agricultural Development,Matches,https://unterm.un.org/unterm2/en/view/a9aa66c8-e194-47a1-8c3c-bff16982e023,,"ifad +> ?""international fund agricultural development"";"
Yes,eclac,economic commission latin america caribbean,"users type this, and it is not an everyday word",1 - Best picks,Yes,No,No,2026-05-08,308,,Yes,Economic Commission for Latin America and the Caribbean,Matches,https://unterm.un.org/unterm2/en/view/363f100e-2b5b-4298-aea5-eac762c501f9,,"eclac +> ?""economic commission latin america caribbean"";"
Yes,carb,california air resources board,"users type this, and it is not an everyday word",1 - Best picks,Yes,Yes,Yes,2025-09-24,297,2,Yes,California Air Resources Board,Matches,https://unterm.un.org/unterm2/en/view/530f5c9b-7c9a-4088-925c-c32f95184eff,,"carb +> ?""california air resources board"";"
Yes,pra,paperwork reduction act,"users type this, and it is not an everyday word",1 - Best picks,Yes,Yes,No,2023-11-27,273,,Yes,,no expansion given,https://unterm.un.org/unterm2/en/view/15bae484-8ae0-4396-b737-5d73f4ddb9d7,,"pra +> ?""paperwork reduction act"";"
Yes,tossd,total official support sustainable development,"users type this, and it is not an everyday word",1 - Best picks,Yes,No,No,2026-07-22,256,,Yes,total official support for sustainable development,Matches,https://unterm.un.org/unterm2/en/view/66dafd22-2d45-4069-9e56-4190e45de981,,"tossd +> ?""total official support sustainable development"";"
Yes,ebrd,european bank reconstruction development,"users type this, and it is not an everyday word",1 - Best picks,Yes,Yes,Yes,2025-01-13,247,,Yes,European Bank for Reconstruction and Development,Matches,https://unterm.un.org/unterm2/en/view/c8de8e0e-2815-470c-b873-98159dab1833,,"ebrd +> ?""european bank reconstruction development"";"
Yes,sme,small medium sized enterprises,"users type this, and it is not an everyday word",1 - Best picks,Yes,Yes,No,2023-10-02,237,,Yes,,no expansion given,https://unterm.un.org/unterm2/en/view/e522b4bd-99bc-47c4-86fa-3a80ef4213f4,,"sme +> ?""small medium sized enterprises"";"
Yes,tna,technology needs assessment,"users type this, and it is not an everyday word",1 - Best picks,Yes,No,Yes,2024-06-04,226,2,Yes,technology needs assessment,Matches,https://unterm.un.org/unterm2/en/view/013bef7c-709d-4208-a060-a7672177dd42,,"tna +> ?""technology needs assessment"";"
Yes,usaid,united states agency international development,"users type this, and it is not an everyday word",1 - Best picks,Yes,Yes,No,2024-02-28,214,,Yes,United States Agency for International Development,Matches,https://unterm.un.org/unterm2/en/view/ef2382cd-50ca-4659-8ab5-48b22d1de9d0,,"usaid +> ?""united states agency international development"";"
Yes,noaa,national oceanic atmospheric administration,"users type this, and it is not an everyday word",1 - Best picks,Yes,Yes,Yes,2025-03-25,212,,Yes,,no expansion given,https://unterm.un.org/unterm2/en/view/93161a05-e6a0-47de-94ba-98238a5cc848,,"noaa +> ?""national oceanic atmospheric administration"";"
Yes,cng,compressed natural gas,"users type this, and it is not an everyday word",1 - Best picks,Yes,Yes,No,2024-02-25,205,,Yes,,no expansion given,https://unterm.un.org/unterm2/en/view/75f37e53-747a-405b-b01c-23702dfc699a,,"cng +> ?""compressed natural gas"";"
Yes,caa,clean air act,"users type this, and it is not an everyday word",1 - Best picks,Yes,Yes,Yes,2023-10-22,195,,Yes,,no expansion given,https://unterm.un.org/unterm2/en/view/f371e820-5fa4-4924-a01e-63066bae85aa,,"caa +> ?""clean air act"";"
Yes,neeap,national energy efficiency action plan,"users type this, and it is not an everyday word",1 - Best picks,Yes,Yes,Yes,2023-11-25,191,19,Yes,National Energy Efficiency Action Plan,Matches,https://unterm.un.org/unterm2/en/view/78390c73-387c-4ad8-a579-cb4ba757cc71,,"neeap +> ?""national energy efficiency action plan"";"
Yes,unido,united nations industrial development organization,"users type this, and it is not an everyday word",1 - Best picks,Yes,Yes,No,2023-10-25,153,,Yes,United Nations Industrial Development Organization,Matches,https://unterm.un.org/unterm2/en/view/9f0b4ac9-0cee-4f06-ae59-27b13b7f0d75,,"unido +> ?""united nations industrial development organization"";"
Yes,slr,sea level rise,"users type this, and it is not an everyday word",1 - Best picks,Yes,No,Yes,2024-03-05,143,,Yes,,no expansion given,https://unterm.un.org/unterm2/en/view/5ddf73c1-33f0-441b-abc5-507b31b7c659,,"slr +> ?""sea level rise"";"
Yes,nda,national designated authority,"users type this, and it is not an everyday word",1 - Best picks,Yes,Yes,No,2024-05-08,138,,Yes,,no expansion given,https://unterm.un.org/unterm2/en/view/2e65cbfc-8db7-4d9d-84d2-e17a0786e014,,"nda +> ?""national designated authority"";"
Yes,gva,gross value added,"users type this, and it is not an everyday word",1 - Best picks,Yes,Yes,Yes,2025-04-26,136,,Yes,,no expansion given,https://unterm.un.org/unterm2/en/view/239d6a90-10ea-48a5-8820-81489d6529b5,,"gva +> ?""gross value added"";"
Yes,fdi,foreign direct investment,"users type this, and it is not an everyday word",1 - Best picks,Yes,Yes,Yes,2024-01-24,130,,Yes,,no expansion given,https://unterm.un.org/unterm2/en/view/4b5da731-ee46-4b23-8a5f-6bcb3f346228,,"fdi +> ?""foreign direct investment"";"
Yes,nrel,national renewable energy laboratory,"users type this, and it is not an everyday word",1 - Best picks,Yes,No,No,2024-07-18,128,,Yes,,no expansion given,https://unterm.un.org/unterm2/en/view/4092aea9-653b-4d5a-97ef-af8648213e76,,"nrel +> ?""national renewable energy laboratory"";"
Yes,ceq,council environmental quality,"users type this, and it is not an everyday word",1 - Best picks,Yes,Yes,Yes,2025-09-30,128,,No,,,,,"ceq +> ?""council environmental quality"";"
Yes,nccp,national climate change policy,"users type this, and it is not an everyday word",1 - Best picks,Yes,Yes,Yes,2023-09-19,128,2,No,,,,,"nccp +> ?""national climate change policy"";"
Yes,icao,international civil aviation organization,"users type this, and it is not an everyday word",1 - Best picks,Yes,No,No,2025-01-02,127,,Yes,International Civil Aviation Organization,Matches,https://unterm.un.org/unterm2/en/view/ccd3ed0b-3441-44e3-bd22-7b1b156fcee5,,"icao +> ?""international civil aviation organization"";"
Yes,pacczo,projet d adaptation aux changements climatiques dans les zones oasiennes,"users type this, and it is not an everyday word",1 - Best picks,Yes,No,No,2026-08-10,125,,No,,,,,"pacczo +> ?""projet d adaptation aux changements climatiques dans les zones oasiennes"";"
Yes,epr,extended producer responsibility,"users type this, and it is not an everyday word",1 - Best picks,Yes,Yes,Yes,2023-10-23,125,2,Yes,,no expansion given,https://unterm.un.org/unterm2/en/view/c4d4300b-b61b-4459-9d79-93cdad097016,,"epr +> ?""extended producer responsibility"";"
Yes,rfs,renewable fuel standard,"users type this, and it is not an everyday word",1 - Best picks,Yes,Yes,Yes,2024-04-16,117,6,Yes,,no expansion given,https://unterm.un.org/unterm2/en/view/3b7b99b8-ee3c-4486-8a8d-6aa99a128e16,,"rfs +> ?""renewable fuel standard"";"
Yes,corsia,carbon offsetting reduction scheme international aviation,"users type this, and it is not an everyday word",1 - Best picks,Yes,Yes,No,2024-11-18,117,,Yes,,no expansion given,https://unterm.un.org/unterm2/en/view/541c5e3e-bb7c-4af5-b032-dc1da5136176,,"corsia +> ?""carbon offsetting reduction scheme international aviation"";"
Yes,itpgrfa,international treaty plant genetic resources food agriculture,"users type this, and it is not an everyday word",1 - Best picks,Yes,No,No,2026-07-27,114,,Yes,International Treaty on Plant Genetic Resources for Food and Agriculture,Matches,https://unterm.un.org/unterm2/en/view/d4fd2cc8-d4d2-49f9-a5d1-f825a8355f1b,,"itpgrfa +> ?""international treaty plant genetic resources food agriculture"";"
Yes,drc,democratic republic congo,"users type this, and it is not an everyday word",1 - Best picks,Yes,Yes,Yes,2023-10-04,111,3,Yes,,no expansion given,https://unterm.un.org/unterm2/en/view/bb65f90c-eda4-4eef-8cc0-bd11e1bf6f66,,"drc +> ?""democratic republic congo"";"
Yes,aws,automatic weather stations,"users type this, and it is not an everyday word",1 - Best picks,Yes,Yes,No,2024-12-09,110,,Yes,,no expansion given,https://unterm.un.org/unterm2/en/view/f0dda91a-0cd8-4f48-bd46-d25d91dbd594,,"aws +> ?""automatic weather stations"";"
Yes,ferc,federal energy regulatory commission,"users type this, and it is not an everyday word",1 - Best picks,Yes,Yes,Yes,2025-10-14,109,,No,,,,,"ferc +> ?""federal energy regulatory commission"";"
Yes,memr,ministry energy mineral resources,"users type this, and it is not an everyday word",1 - Best picks,Yes,Yes,Yes,2024-07-25,106,,No,,,,,"memr +> ?""ministry energy mineral resources"";"
Yes,gcc,global climate coalition,"users type this, and it is not an everyday word",1 - Best picks,Yes,Yes,Yes,2024-10-30,106,,Yes,,no expansion given,https://unterm.un.org/unterm2/en/view/f757372b-3b57-4d0f-be9b-4f2c7ff38630,,"gcc +> ?""global climate coalition"";"
Yes,icat,initiative climate action transparency,"users type this, and it is not an everyday word",1 - Best picks,Yes,Yes,Yes,2024-02-26,103,,Yes,Initiative for Climate Action Transparency,Matches,https://unterm.un.org/unterm2/en/view/8daf4b39-3d55-43b7-a0a5-884ac75d3678,,"icat +> ?""initiative climate action transparency"";"
Yes,sprep,secretariat pacific regional environment programme,"users type this, and it is not an everyday word",1 - Best picks,Yes,No,No,2025-06-18,98,,Yes,Pacific Regional Environment Programme,Close,https://unterm.un.org/unterm2/en/view/8d15b13d-cf08-4331-8ff8-4ef710107587,,"sprep +> ?""secretariat pacific regional environment programme"";"
Yes,jetp,just energy transition partnership,"users type this, and it is not an everyday word",1 - Best picks,Yes,Yes,Yes,2023-09-27,98,,No,,,,,"jetp +> ?""just energy transition partnership"";"
Yes,redd+,reducing emissions deforestation forest degradation,"users type this, and it is not an everyday word",1 - Best picks,Yes,No,Yes,2023-10-02,97,,Yes,,no expansion given,https://unterm.un.org/unterm2/en/view/2501c322-f498-43c9-a678-8a63661a600c,,"redd+ +> ?""reducing emissions deforestation forest degradation"";"
Yes,ctcn,climate technology centre network,"users type this, and it is not an everyday word",1 - Best picks,Yes,No,No,2026-02-12,93,2,Yes,Climate Technology Centre and Network,Matches,https://unterm.un.org/unterm2/en/view/b3c3e0fe-8ff9-4b4c-93c0-694528427af8,,"ctcn +> ?""climate technology centre network"";"
Yes,iica,inter american institute cooperation agriculture,"users type this, and it is not an everyday word",1 - Best picks,Yes,No,No,2026-02-20,88,,Yes,Inter-American Institute for Cooperation on Agriculture,Matches,https://unterm.un.org/unterm2/en/view/3182cb39-232e-45ac-b689-d34fb0f028d1,,"iica +> ?""inter american institute cooperation agriculture"";"
Yes,mtbe,methyl tertiary butyl ether,"users type this, and it is not an everyday word",1 - Best picks,Yes,No,No,2026-09-13,82,,Yes,methyl tertiary butyl ether,Matches,https://unterm.un.org/unterm2/en/view/d4b1bebb-a89d-4f56-beef-72c4be9ea279,,"mtbe +> ?""methyl tertiary butyl ether"";"
Yes,sadc,southern african development community,"users type this, and it is not an everyday word",1 - Best picks,Yes,Yes,No,2024-03-08,81,,Yes,Southern African Development Community,Matches,https://unterm.un.org/unterm2/en/view/54c59348-1d74-460b-b060-5b39255c5971,,"sadc +> ?""southern african development community"";"
Yes,cwa,clean water act,"users type this, and it is not an everyday word",1 - Best picks,Yes,No,Yes,2023-09-26,79,,Yes,Clean Water Act,Matches,https://unterm.un.org/unterm2/en/view/5463a11a-9eba-4b3f-9b10-d0228b478243,,"cwa +> ?""clean water act"";"
Yes,denr,department environment natural resources,"users type this, and it is not an everyday word",1 - Best picks,Yes,Yes,Yes,2025-10-15,75,,Yes,Department of Environment and Natural Resources,Matches,https://unterm.un.org/unterm2/en/view/d2abb70b-a412-4864-857d-ad7e09b7c48a,,"denr +> ?""department environment natural resources"";"
Yes,ipbes,intergovernmental science policy platform biodiversity ecosystem services,"users type this, and it is not an everyday word",1 - Best picks,Yes,Yes,No,2026-01-28,73,,Yes,Intergovernmental Platform on Biodiversity and Ecosystem Services,Close,https://unterm.un.org/unterm2/en/view/f0339e39-5bc3-442d-88e4-9446b776764f,,"ipbes +> ?""intergovernmental science policy platform biodiversity ecosystem services"";"
Yes,nhtsa,national highway traffic safety administration,"users type this, and it is not an everyday word",1 - Best picks,Yes,Yes,Yes,2025-09-25,70,,Yes,National Highway Traffic Safety Administration,Matches,https://unterm.un.org/unterm2/en/view/accbea1a-53dd-4d99-bf53-ee965406570b,,"nhtsa +> ?""national highway traffic safety administration"";"
Yes,cdr,carbon dioxide removal,"users type this, and it is not an everyday word",1 - Best picks,Yes,Yes,Yes,2023-12-04,70,,Yes,,no expansion given,https://unterm.un.org/unterm2/en/view/7f91e06d-373f-41d8-9536-605d46f8045a,,"cdr +> ?""carbon dioxide removal"";"
Yes,gwec,global wind energy council,"users type this, and it is not an everyday word",1 - Best picks,Yes,Yes,Yes,2025-03-21,68,,Yes,Global Wind Energy Council,Matches,https://unterm.un.org/unterm2/en/view/85fac94a-c9d4-4572-acd6-98560017c6b0,,"gwec +> ?""global wind energy council"";"
Yes,iccpr,international covenant civil political rights,"users type this, and it is not an everyday word",1 - Best picks,Yes,Yes,Yes,2024-07-31,66,,Yes,International Covenant on Civil and Political Rights,Matches,https://unterm.un.org/unterm2/en/view/c38ebf9d-3717-4ed1-93f4-57991db15984,,"iccpr +> ?""international covenant civil political rights"";"
Yes,rle,red list ecosystems,"users type this, and it is not an everyday word",1 - Best picks,Yes,No,Yes,2025-08-13,61,,No,,,,,"rle +> ?""red list ecosystems"";"
Yes,nds,national development strategy,"users type this, and it is not an everyday word",1 - Best picks,Yes,No,Yes,2023-09-19,55,,Yes,national development strategy,Matches,https://unterm.un.org/unterm2/en/view/99e62027-b966-47b4-a354-aedd026dac96,,"nds +> ?""national development strategy"";"
Yes,nccap,national climate change action plan,"users type this, and it is not an everyday word",1 - Best picks,Yes,Yes,Yes,2023-09-19,52,5,No,,,,,"nccap +> ?""national climate change action plan"";"
Yes,cbit,capacity building initiative transparency,"users type this, and it is not an everyday word",1 - Best picks,Yes,Yes,No,2025-11-18,52,4,Yes,Capacity-building Initiative for Transparency,Matches,https://unterm.un.org/unterm2/en/view/5e37a3d9-d3c2-470e-bd4b-4b9515f762f3,,"cbit +> ?""capacity building initiative transparency"";"
Yes,nreap,national renewable energy action plan,"users type this, and it is not an everyday word",1 - Best picks,Yes,Yes,Yes,2023-12-10,52,7,No,,,,,"nreap +> ?""national renewable energy action plan"";"
Yes,undrr,united nations office disaster risk reduction,"users type this, and it is not an everyday word",1 - Best picks,Yes,Yes,No,2024-03-26,51,,Yes,United Nations Office for Disaster Risk Reduction,Matches,https://unterm.un.org/unterm2/en/view/3c6f87b7-4cbb-4128-ae81-e8035a95bec3,,"undrr +> ?""united nations office disaster risk reduction"";"
Yes,sanbi,south african national biodiversity institute,"users type this, and it is not an everyday word",1 - Best picks,Yes,No,No,2024-11-19,43,,No,,,,,"sanbi +> ?""south african national biodiversity institute"";"
Yes,ifrs,international financial reporting standards,"users type this, and it is not an everyday word",1 - Best picks,Yes,Yes,No,2024-02-04,39,,Yes,International Financial Reporting Standards,Matches,https://unterm.un.org/unterm2/en/view/9a481013-3b70-4345-905a-ea4cd9c3829e,,"ifrs +> ?""international financial reporting standards"";"
Yes,guan,gcos upper air network,"users type this, but the dictionary lists it too - see the warning",1 - Best picks,Yes,Yes,No,2025-11-12,38,,Yes,,no expansion given,https://unterm.un.org/unterm2/en/view/c7b61011-7553-4720-a4af-4b7d8d9cfd55,"The dictionary also has ""guan"" - check it is not a word people type.","guan +> ?""gcos upper air network"";"
Yes,uncbd,united nations convention biological diversity,"users type this, and it is not an everyday word",1 - Best picks,Yes,Yes,Yes,2025-04-17,38,,No,,,,,"uncbd +> ?""united nations convention biological diversity"";"
Yes,ngl,natural gas liquids,"users type this, and it is not an everyday word",1 - Best picks,Yes,Yes,No,2025-10-31,37,,Yes,natural gas liquids,Matches,https://unterm.un.org/unterm2/en/view/a00126c7-d650-4a80-a2e1-b6bf627076b1,,"ngl +> ?""natural gas liquids"";"
Yes,unhcr,united nations high commissioner refugees,"users type this, and it is not an everyday word",1 - Best picks,Yes,No,No,2024-09-26,36,,Yes,Office of the United Nations High Commissioner for Refugees,Close,https://unterm.un.org/unterm2/en/view/de015b7a-316c-47b7-9a8c-045eb89ba273,,"unhcr +> ?""united nations high commissioner refugees"";"
Yes,weee,waste electrical electronic equipment,"users type this, and it is not an everyday word",1 - Best picks,Yes,Yes,No,2025-08-14,35,,Yes,waste electrical and electronic equipment,Matches,https://unterm.un.org/unterm2/en/view/ca0585b5-0d88-48c7-88c9-902a3bd01258,,"weee +> ?""waste electrical electronic equipment"";"
Yes,fata,federally administered tribal areas,"users type this, and it is not an everyday word",1 - Best picks,Yes,Yes,No,2026-02-16,33,,Yes,Federally Administered Tribal Areas,Matches,https://unterm.un.org/unterm2/en/view/172290c0-dfd8-452c-9a82-1fdf32cb8551,,"fata +> ?""federally administered tribal areas"";"
Yes,nrdc,natural resources defense council,"users type this, and it is not an everyday word",1 - Best picks,Yes,Yes,Yes,2025-09-25,33,,Yes,Natural Resources Defense Council,Matches,https://unterm.un.org/unterm2/en/view/ef00afbb-76a0-47ab-8f70-ddf084284569,,"nrdc +> ?""natural resources defense council"";"
Yes,nba,national biodiversity authority,"users type this, and it is not an everyday word",1 - Best picks,Yes,No,No,2026-02-23,32,,Yes,,no expansion given,https://unterm.un.org/unterm2/en/view/f4a11eec-02d6-4d8d-b928-aaafe426f796,,"nba +> ?""national biodiversity authority"";"
Yes,cga,country gender assessment,"users type this, and it is not an everyday word",1 - Best picks,Yes,No,No,2026-04-08,32,,No,,,,,"cga +> ?""country gender assessment"";"
Yes,redd,reducing emissions deforestation forest degradation,"users type this, but the dictionary lists it too - see the warning",1 - Best picks,Yes,Yes,Yes,2023-09-19,31,4,Yes,reducing emissions from deforestation and forest degradation in developing countries,Close,https://unterm.un.org/unterm2/en/view/c9dadf73-1e6f-4b74-a405-1156700265c5,"The dictionary also has ""redd"" - check it is not a word people type.","redd +> ?""reducing emissions deforestation forest degradation"";"
Yes,unga,united nations general assembly,"users type this, and it is not an everyday word",1 - Best picks,Yes,No,Yes,2024-10-11,30,,No,,,,,"unga +> ?""united nations general assembly"";"
Yes,ccac,climate clean air coalition,"users type this, and it is not an everyday word",1 - Best picks,Yes,No,Yes,2025-09-19,30,,Yes,Climate and Clean Air Coalition to Reduce Short-lived Climate Pollutants,Close,https://unterm.un.org/unterm2/en/view/7d27d958-29d0-461c-8e56-bd40eb190d3d,,"ccac +> ?""climate clean air coalition"";"
Yes,usda,united states department agriculture,"users type this, and it is not an everyday word",1 - Best picks,Yes,Yes,Yes,2024-02-28,29,,Yes,United States Department of Agriculture,Matches,https://unterm.un.org/unterm2/en/view/a9d000b7-275d-4c65-b6a3-71756f30779f,,"usda +> ?""united states department agriculture"";"
Yes,kea,korea energy agency,"users type this, but the dictionary lists it too - see the warning",1 - Best picks,Yes,No,No,2025-12-11,29,,No,,,,"The dictionary also has ""kea"" - check it is not a word people type.","kea +> ?""korea energy agency"";"
Yes,epi,environmental performance index,"users type this, and it is not an everyday word",1 - Best picks,Yes,Yes,No,2025-06-24,28,,Yes,,no expansion given,https://unterm.un.org/unterm2/en/view/a61d53e6-e88a-48f3-87c1-337bc3635b18,,"epi +> ?""environmental performance index"";"
Yes,menr,ministry energy natural resources,"users type this, and it is not an everyday word",1 - Best picks,Yes,Yes,Yes,2026-03-16,27,,No,,,,,"menr +> ?""ministry energy natural resources"";"
Yes,unops,united nations office project services,"users type this, and it is not an everyday word",1 - Best picks,Yes,Yes,No,2024-11-21,27,,Yes,United Nations Office for Project Services,Matches,https://unterm.un.org/unterm2/en/view/17792f71-a8bc-4f96-8733-dd130f9ef0f0,,"unops +> ?""united nations office project services"";"
Yes,phmsa,pipeline hazardous materials safety administration,"users type this, and it is not an everyday word",1 - Best picks,Yes,Yes,Yes,2026-03-14,25,,No,,,,,"phmsa +> ?""pipeline hazardous materials safety administration"";"
Yes,mrv,monitoring reporting verification,"users type this, and it is not an everyday word",1 - Best picks,Yes,Yes,Yes,2023-11-13,25,5,Yes,"monitoring, reporting and verification",Matches,https://unterm.un.org/unterm2/en/view/4b3241f8-f541-4493-ad95-c968c1dfdc4f,,"mrv +> ?""monitoring reporting verification"";"
Yes,cepf,critical ecosystem partnership fund,"users type this, and it is not an everyday word",1 - Best picks,Yes,Yes,Yes,2025-11-25,25,,Yes,Critical Ecosystem Partnership Fund,Matches,https://unterm.un.org/unterm2/en/view/9a00a640-b523-4118-b653-5bc183944d1b,,"cepf +> ?""critical ecosystem partnership fund"";"
Yes,otec,ocean thermal energy conversion,"users type this, and it is not an everyday word",1 - Best picks,Yes,Yes,No,2025-08-04,25,,Yes,Ocean Thermal Energy Conversion,Matches,https://unterm.un.org/unterm2/en/view/7ff02b03-2192-4d03-a627-3b93178f246a,,"otec +> ?""ocean thermal energy conversion"";"
Yes,amoc,atlantic meridional overturning circulation,"users type this, and it is not an everyday word",1 - Best picks,Yes,Yes,No,2025-09-22,24,,Yes,,no expansion given,https://unterm.un.org/unterm2/en/view/d7c0dc19-a3c6-419c-bc76-7bd345cfffee,,"amoc +> ?""atlantic meridional overturning circulation"";"
Yes,bbnj,biodiversity beyond national jurisdiction,"users type this, and it is not an everyday word",1 - Best picks,Yes,Yes,No,2025-09-23,24,,No,,,,,"bbnj +> ?""biodiversity beyond national jurisdiction"";"
Yes,bccsap,bangladesh climate change strategy action plan,"users type this, and it is not an everyday word",1 - Best picks,Yes,Yes,Yes,2023-09-22,24,2,No,,,,,"bccsap +> ?""bangladesh climate change strategy action plan"";"
Yes,amrut,atal mission rejuvenation urban transformation,"users type this, and it is not an everyday word",1 - Best picks,Yes,Yes,Yes,2024-05-07,24,2,No,,,,,"amrut +> ?""atal mission rejuvenation urban transformation"";"
Yes,napcc,national action plan climate change,"users type this, and it is not an everyday word",1 - Best picks,Yes,Yes,Yes,2023-09-19,24,2,No,,,,,"napcc +> ?""national action plan climate change"";"
Yes,scaqmd,south coast air quality management district,"users type this, and it is not an everyday word",1 - Best picks,Yes,Yes,Yes,2025-12-22,23,,No,,,,,"scaqmd +> ?""south coast air quality management district"";"
Yes,sbti,science based targets initiative,"users type this, and it is not an everyday word",1 - Best picks,Yes,Yes,Yes,2023-11-22,23,,No,,,,,"sbti +> ?""science based targets initiative"";"
Yes,iiasa,international institute applied systems analysis,"users type this, and it is not an everyday word",1 - Best picks,Yes,No,Yes,2024-11-15,23,,Yes,,no expansion given,https://unterm.un.org/unterm2/en/view/b468dc20-5f2b-4403-9c7f-ebda23ee8fd3,,"iiasa +> ?""international institute applied systems analysis"";"
Yes,oecs,organisation eastern caribbean states,"users type this, and it is not an everyday word",1 - Best picks,Yes,No,No,2026-02-11,23,,Yes,Organisation of Eastern Caribbean States,Matches,https://unterm.un.org/unterm2/en/view/714d2ada-5dc0-41f8-8f80-67f48fbe39c4,,"oecs +> ?""organisation eastern caribbean states"";"
Yes,unece,united nations economic commission europe,"users type this, and it is not an everyday word",1 - Best picks,Yes,Yes,No,2025-10-21,22,,Yes,Economic Commission for Europe,Close,https://unterm.un.org/unterm2/en/view/abe5018a-c7cd-4f96-82d7-96a6f5e465fb,,"unece +> ?""united nations economic commission europe"";"
Yes,desnz,department energy security net zero,"users type this, and it is not an everyday word",1 - Best picks,Yes,Yes,No,2023-10-10,22,,No,,,,,"desnz +> ?""department energy security net zero"";"
Yes,esif,european structural investment funds,"users type this, and it is not an everyday word",1 - Best picks,Yes,No,No,2025-10-07,22,,No,,,,,"esif +> ?""european structural investment funds"";"
Yes,bil,bipartisan infrastructure law,"users type this, and it is not an everyday word",1 - Best picks,Yes,No,Yes,2023-12-08,22,,No,,,,,"bil +> ?""bipartisan infrastructure law"";"
Yes,crc,convention rights child,"users type this, and it is not an everyday word",1 - Best picks,Yes,Yes,Yes,2025-10-21,22,2,Yes,Convention on the Rights of the Child,Matches,https://unterm.un.org/unterm2/en/view/3968c15f-8036-47d9-b2c2-18df4386c79b,,"crc +> ?""convention rights child"";"
Yes,gfanz,glasgow financial alliance net zero,"users type this, and it is not an everyday word",1 - Best picks,Yes,No,Yes,2025-01-31,22,,No,,,,,"gfanz +> ?""glasgow financial alliance net zero"";"
Yes,rec,renewable energy certificate,"users type this, and it is not an everyday word",1 - Best picks,Yes,Yes,Yes,2024-02-16,22,,Yes,renewable energy certificate,Matches,https://unterm.un.org/unterm2/en/view/8063920a-0019-4dbc-8489-b4978769729f,,"rec +> ?""renewable energy certificate"";"
Yes,ngfs,network greening financial system,"users type this, and it is not an everyday word",1 - Best picks,Yes,No,No,2025-01-31,22,,No,,,,,"ngfs +> ?""network greening financial system"";"
Yes,fema,federal emergency management agency,"users type this, and it is not an everyday word",1 - Best picks,Yes,Yes,Yes,2025-09-25,22,,Yes,,no expansion given,https://unterm.un.org/unterm2/en/view/fb7cbc9f-6d1e-4fb4-bffe-407c54f974e7,,"fema +> ?""federal emergency management agency"";"
Yes,ncar,national center atmospheric research,"users type this, and it is not an everyday word",1 - Best picks,Yes,No,Yes,2026-05-19,21,,Yes,,no expansion given,https://unterm.un.org/unterm2/en/view/f9e3afa3-5181-4a99-accb-683369fefb6d,,"ncar +> ?""national center atmospheric research"";"
Yes,erm,enterprise risk management,"users type this, and it is not an everyday word",1 - Best picks,Yes,Yes,No,2023-12-19,21,,Yes,,no expansion given,https://unterm.un.org/unterm2/en/view/439c96f2-da8b-40c7-8f65-063c091dc9c3,,"erm +> ?""enterprise risk management"";"
Yes,cefc,clean energy finance corporation,"users type this, and it is not an everyday word",1 - Best picks,Yes,No,Yes,2023-09-18,21,,No,,,,,"cefc +> ?""clean energy finance corporation"";"
Yes,fpic,free prior informed consent,"users type this, and it is not an everyday word",1 - Best picks,Yes,Yes,Yes,2024-05-08,21,,Yes,"free, prior and informed consent",Matches,https://unterm.un.org/unterm2/en/view/bf760709-eecd-4f47-824e-bff5b26da5fe,,"fpic +> ?""free prior informed consent"";"
Yes,igcc,integrated gasification combined cycle,"users type this, and it is not an everyday word",1 - Best picks,Yes,No,No,2026-06-21,20,,Yes,integrated gasification combined cycle,Matches,https://unterm.un.org/unterm2/en/view/e7e4c0d9-d711-4f65-a756-b368d0388f34,,"igcc +> ?""integrated gasification combined cycle"";"
Yes,iks,indigenous knowledge systems,"users type this, and it is not an everyday word",1 - Best picks,Yes,No,Yes,2025-04-17,20,,No,,,,,"iks +> ?""indigenous knowledge systems"";"
Yes,ivc,integrated vector control,"users type this, and it is not an everyday word",1 - Best picks,Yes,No,No,2024-10-18,20,,No,,,,,"ivc +> ?""integrated vector control"";"
Yes,afolu,agriculture forestry other land use,"users type this, and it is not an everyday word",1 - Best picks,Yes,Yes,No,2025-02-27,20,,Yes,,no expansion given,https://unterm.un.org/unterm2/en/view/3e7ecd74-ebf0-49ab-9862-0361614b43ba,,"afolu +> ?""agriculture forestry other land use"";"
Yes,prtr,pollutant release transfer register,"users type this, and it is not an everyday word",1 - Best picks,Yes,No,No,2024-06-13,20,,Yes,pollutant release and transfer register,Matches,https://unterm.un.org/unterm2/en/view/4ba5dcd7-c33d-4991-bcb7-b138278138b0,,"prtr +> ?""pollutant release transfer register"";"
Yes,gbif,global biodiversity information facility,"users type this, and it is not an everyday word",1 - Best picks,Yes,Yes,Yes,2026-03-23,20,,Yes,Global Biodiversity Information Facility,Matches,https://unterm.un.org/unterm2/en/view/c96202ee-2541-4db1-8bfc-75424a933d65,,"gbif +> ?""global biodiversity information facility"";"
Maybe,iea,international energy agency,"users type it, but UNTERM lists another meaning",1 - Best picks,Yes,Yes,Yes,2023-12-11,1271,4,Yes,intermodal equipment associates,Ambiguous,https://unterm.un.org/unterm2/en/view/7a4c3a46-b745-433f-8be6-f3defe06e161,,"iea +> ?""international energy agency"";"
Maybe,cbd,convention biological diversity,"users type it, but UNTERM lists another meaning",1 - Best picks,Yes,Yes,Yes,2024-01-22,1176,2,Yes,cannabidiol,Ambiguous,https://unterm.un.org/unterm2/en/view/10c09e30-b6e1-4b71-947c-ead7ede8cae7,,"cbd +> ?""convention biological diversity"";"
Maybe,cites,convention international trade endangered species,"users type it, but it is also the everyday word ""cites""",1 - Best picks,Yes,Yes,Yes,2025-06-26,806,,Yes,Convention on International Trade in Endangered Species of Wild Fauna and Flora,Close,https://unterm.un.org/unterm2/en/view/25f5fa81-466c-4a81-89d1-637faa93adc9,Also an everyday English word.,"cites +> ?""convention international trade endangered species"";"
Maybe,esmf,environmental social management framework,"users type it, but UNTERM lists another meaning",1 - Best picks,Yes,Yes,Yes,2025-11-26,447,,Yes,Equipment Storage and Maintenance Facility,Ambiguous,https://unterm.un.org/unterm2/en/view/0e2b3b40-35fe-4d2f-992b-eafa33a8b5be,,"esmf +> ?""environmental social management framework"";"
Maybe,apa,administrative procedure act,"users type it, but UNTERM lists another meaning",1 - Best picks,Yes,Yes,Yes,2025-03-31,331,5,Yes,Advanced park assistance,Ambiguous,https://unterm.un.org/unterm2/en/view/c7ff1a3b-ad66-46e3-931c-72cb92451220,"The dictionary also has ""apa"" - check it is not a word people type.","apa +> ?""administrative procedure act"";"
Maybe,ifc,international finance corporation,"users type it, but UNTERM lists another meaning",1 - Best picks,Yes,Yes,Yes,2024-02-09,329,,Yes,iodofluorocarbon,Ambiguous,https://unterm.un.org/unterm2/en/view/87dbe46e-fbd9-4612-9d87-1792a12790c7,,"ifc +> ?""international finance corporation"";"
Maybe,pif,project identification form,"users type it, but UNTERM lists another meaning",1 - Best picks,Yes,Yes,Yes,2025-02-27,318,,Yes,Public Investment Fund,Ambiguous,https://unterm.un.org/unterm2/en/view/ac1fed72-865f-457d-b771-4351eca9f97a,,"pif +> ?""project identification form"";"
Maybe,esms,environmental social management system,"users type it, but UNTERM lists another meaning",1 - Best picks,Yes,Yes,Yes,2024-08-07,286,,Yes,Euro SDMX Metadata Structure,Ambiguous,https://unterm.un.org/unterm2/en/view/17b1d9c8-bce9-4a85-b4ff-d45529bef44a,,"esms +> ?""environmental social management system"";"
Maybe,ndp,national development plan,"users type it, but UNTERM lists another meaning",1 - Best picks,Yes,Yes,Yes,2023-09-17,274,3,Yes,New Democracy Party,Ambiguous,https://unterm.un.org/unterm2/en/view/311ca026-b827-4128-9afe-a1c0686d42cd,,"ndp +> ?""national development plan"";"
Maybe,eib,european investment bank,"users type it, but UNTERM lists another meaning",1 - Best picks,Yes,Yes,Yes,2025-10-25,271,,Yes,Emirates Industrial Bank,Ambiguous,https://unterm.un.org/unterm2/en/view/ff3bb214-44cb-405c-804a-fc3a6ad47ed8,,"eib +> ?""european investment bank"";"
Maybe,bat,best available techniques,"users type it, but it is also the everyday word ""bat""",1 - Best picks,Yes,Yes,No,2025-03-12,271,,Yes,best available techniques,Matches,https://unterm.un.org/unterm2/en/view/3fa64519-7d80-4834-88a6-2f47bc25b8b8,Also an everyday English word.,"bat +> ?""best available techniques"";"
Maybe,wri,world resources institute,"users type it, but UNTERM lists another meaning",1 - Best picks,Yes,Yes,Yes,2024-01-11,229,,Yes,Water Reactivity Index,Ambiguous,https://unterm.un.org/unterm2/en/view/2d666d01-ed87-4994-b305-3446cb0d4920,,"wri +> ?""world resources institute"";"
Maybe,isa,integrated science assessment,"users type it, but UNTERM lists another meaning",1 - Best picks,Yes,Yes,No,2026-03-13,224,,Yes,Islamic Shipowners' Association,Ambiguous,https://unterm.un.org/unterm2/en/view/74b9e3f7-c20a-43d4-9646-3f26bad3a8d3,,"isa +> ?""integrated science assessment"";"
Maybe,cap,common agricultural policy,"users type it, but it is also the everyday word ""cap""",1 - Best picks,Yes,Yes,Yes,2023-09-26,220,4,Yes,,no expansion given,https://unterm.un.org/unterm2/en/view/81198832-8fb3-46de-8f1a-23520628f67c,Also an everyday English word.,"cap +> ?""common agricultural policy"";"
Maybe,api,american petroleum institute,"users type it, but it is also the everyday word ""api""",1 - Best picks,Yes,Yes,Yes,2025-01-30,202,,Yes,,no expansion given,https://unterm.un.org/unterm2/en/view/06b74c36-1478-4dfd-8e8d-4b36c7a47235,Also an everyday English word.,"api +> ?""american petroleum institute"";"
Maybe,sea,strategic environmental assessment,"users type it, but it is also the everyday word ""sea""",1 - Best picks,Yes,Yes,Yes,2023-09-30,187,,Yes,,no expansion given,https://unterm.un.org/unterm2/en/view/daaae68c-5c4e-4adf-b919-6031d408a14d,Also an everyday English word.,"sea +> ?""strategic environmental assessment"";"
Maybe,glof,glacial lake outburst flood,"users type it, but UNTERM lists another meaning",1 - Best picks,Yes,Yes,No,2024-09-18,179,14,Yes,glacier lake outburst flood,Ambiguous,https://unterm.un.org/unterm2/en/view/07deebf6-9c32-46a8-bf8b-cd018f13a963,,"glof +> ?""glacial lake outburst flood"";"
Maybe,blm,bureau land management,"users type it, but UNTERM lists another meaning",1 - Best picks,Yes,Yes,Yes,2025-09-30,165,,Yes,Black Lives Matter,Ambiguous,https://unterm.un.org/unterm2/en/view/9cc2617e-9f37-4444-9d76-90ba0d251a1e,,"blm +> ?""bureau land management"";"
Maybe,etf,enhanced transparency framework,"users type it, but UNTERM lists another meaning",1 - Best picks,Yes,Yes,Yes,2024-03-25,159,9,Yes,Environmental Task Force,Ambiguous,https://unterm.un.org/unterm2/en/view/b54a541b-6d93-4305-8965-d0a4c5932382,,"etf +> ?""enhanced transparency framework"";"
Maybe,icc,international criminal court,"users type it, but UNTERM lists another meaning",1 - Best picks,Yes,Yes,Yes,2025-10-08,148,2,Yes,International Chamber of Commerce,Ambiguous,https://unterm.un.org/unterm2/en/view/507b4efe-a8b2-4982-89b8-781c8d18015d,,"icc +> ?""international criminal court"";"
Maybe,esr,effort sharing regulation,"users type it, but UNTERM lists another meaning",1 - Best picks,Yes,No,Yes,2023-09-28,139,3,Yes,erythrocyte sedimentation rate,Ambiguous,https://unterm.un.org/unterm2/en/view/cbff446c-8822-4ff5-a1d5-d34a7a95bfd2,,"esr +> ?""effort sharing regulation"";"
Maybe,ema,environmental management authority,"users type it, but UNTERM lists another meaning",1 - Best picks,Yes,Yes,Yes,2023-10-20,134,5,Yes,European Monetary Agreement,Ambiguous,https://unterm.un.org/unterm2/en/view/e019304c-b66a-4d90-bf29-c189d288e0ec,,"ema +> ?""environmental management authority"";"
Maybe,ippf,indigenous peoples plan framework,"users type it, but UNTERM lists another meaning",1 - Best picks,Yes,No,No,2025-08-18,124,,Yes,International Professional Practices Framework,Ambiguous,https://unterm.un.org/unterm2/en/view/a5317f39-f8ea-415c-b4bf-81926f0da1ce,,"ippf +> ?""indigenous peoples plan framework"";"
Maybe,csp,concentrated solar power,"users type it, but UNTERM lists another meaning",1 - Best picks,Yes,Yes,Yes,2024-01-03,124,1,Yes,Canadian Space Programme,Ambiguous,https://unterm.un.org/unterm2/en/view/86d3a06d-708b-476a-87ea-33ba6bc25bb5,,"csp +> ?""concentrated solar power"";"
Maybe,oecm,other effective area based conservation measures,"users type it, but UNTERM lists another meaning",1 - Best picks,Yes,No,No,2024-01-17,116,,Yes,other effective area-based conservation measure,Ambiguous,https://unterm.un.org/unterm2/en/view/f4f0c313-d29e-4d5b-adb6-8a3b7e7020f1,,"oecm +> ?""other effective area based conservation measures"";"
Maybe,wcs,wildlife conservation society,"users type it, but UNTERM lists another meaning",1 - Best picks,Yes,No,No,2026-08-13,113,,Yes,World Conference on Science,Ambiguous,https://unterm.un.org/unterm2/en/view/da9fe454-7b59-4c58-ac44-fc324c6ca5df,,"wcs +> ?""wildlife conservation society"";"
Maybe,gri,global reporting initiative,"users type it, but UNTERM lists another meaning",1 - Best picks,Yes,No,Yes,2024-02-26,104,1,Yes,group repetition interval,Ambiguous,https://unterm.un.org/unterm2/en/view/d915652c-d90c-47eb-9ef6-836d5af6735c,,"gri +> ?""global reporting initiative"";"
Maybe,sfm,sustainable forest management,"users type it, but UNTERM lists another meaning",1 - Best picks,Yes,No,Yes,2024-01-20,96,,Yes,standardized funding model,Ambiguous,https://unterm.un.org/unterm2/en/view/b40ed527-5124-4f76-b3ef-f1a91c6ee1a6,,"sfm +> ?""sustainable forest management"";"
Maybe,csr,corporate social responsibility,"users type it, but UNTERM lists another meaning",1 - Best picks,Yes,Yes,Yes,2023-10-23,95,,Yes,Continuous Synopsis Record,Ambiguous,https://unterm.un.org/unterm2/en/view/ef32dfd6-dd6e-4a0f-b87c-4dd0c8707826,,"csr +> ?""corporate social responsibility"";"
Maybe,sec,securities exchange commission,"users type it, but it is also the everyday word ""sec""",1 - Best picks,Yes,Yes,Yes,2023-10-17,84,,Yes,,no expansion given,https://unterm.un.org/unterm2/en/view/ae75e362-3d61-448f-94e8-073d8ac044e4,Also an everyday English word.,"sec +> ?""securities exchange commission"";"
Maybe,sap,simplified approval process,"users type it, but UNTERM lists another meaning",1 - Best picks,Yes,Yes,No,2024-05-30,84,2,Yes,Stabilization and Association Process,Ambiguous,https://unterm.un.org/unterm2/en/view/d4967db3-a66d-4957-8c5a-b374694b154e,"The dictionary also has ""sap"" - check it is not a word people type.","sap +> ?""simplified approval process"";"
Maybe,cif,climate investment funds,"users type it, but UNTERM lists another meaning",1 - Best picks,Yes,Yes,Yes,2024-11-12,74,,Yes,"cost, insurance and freight",Ambiguous,https://unterm.un.org/unterm2/en/view/b7d2a7c6-ce94-4cf5-886f-2de38db7da56,,"cif +> ?""climate investment funds"";"
Maybe,fsc,forest stewardship council,"users type it, but UNTERM lists another meaning",1 - Best picks,Yes,Yes,Yes,2024-08-09,73,,Yes,fire support coordinator,Ambiguous,https://unterm.un.org/unterm2/en/view/4fede5ea-5f3d-4830-92eb-27b918eb5fd3,,"fsc +> ?""forest stewardship council"";"
Maybe,gfc,guyana forestry commission,"users type it, but UNTERM lists another meaning",1 - Best picks,Yes,Yes,No,2025-04-09,73,,Yes,Global Framework on Chemicals – for a Planet Free of Harm from Chemicals and Waste,Ambiguous,https://unterm.un.org/unterm2/en/view/fdb1b9d9-8d72-4395-b79c-592149949745,,"gfc +> ?""guyana forestry commission"";"
Maybe,sami,south africa s mineral industry,"users type it, but UNTERM lists another meaning",1 - Best picks,Yes,Yes,No,2025-10-21,71,,Yes,Security Association for the Maritime Industry,Ambiguous,https://unterm.un.org/unterm2/en/view/6b46399c-58d2-4be9-a4c6-5327d020228b,,"sami +> ?""south africa s mineral industry"";"
Maybe,jcm,joint crediting mechanism,"users type it, but UNTERM lists another meaning",1 - Best picks,Yes,No,Yes,2024-03-06,67,,Yes,joint coordinating mechanism,Ambiguous,https://unterm.un.org/unterm2/en/view/b34f4655-44ba-4093-9f16-1dad703fcf7b,,"jcm +> ?""joint crediting mechanism"";"
Maybe,needs,national electric energy data system,"users type it, but it is also the everyday word ""needs""",1 - Best picks,Yes,Yes,No,2023-10-15,65,,Yes,National Economic Empowerment and Development Strategy,Ambiguous,https://unterm.un.org/unterm2/en/view/3e0679bd-a2ca-4f86-8606-6a44b4fa68ca,Also an everyday English word.,"needs +> ?""national electric energy data system"";"
Maybe,sei,stockholm environment institute,"users type it, but UNTERM lists another meaning",1 - Best picks,Yes,No,No,2026-08-06,65,,Yes,space exploration initiative,Ambiguous,https://unterm.un.org/unterm2/en/view/33a1dbc8-398a-47cc-9829-5341fe8e4744,,"sei +> ?""stockholm environment institute"";"
Maybe,eps,earnings per share,"users type it, but UNTERM lists another meaning",1 - Best picks,Yes,Yes,No,2024-02-19,62,3,Yes,Economists for Peace and Security,Ambiguous,https://unterm.un.org/unterm2/en/view/047efc36-5b8c-49bf-bba0-30ea6f0450f7,,"eps +> ?""earnings per share"";"
Maybe,echr,european convention human rights,"users type it, but UNTERM lists another meaning",1 - Best picks,Yes,Yes,Yes,2023-10-15,61,,Yes,European Commission of Human Rights,Ambiguous,https://unterm.un.org/unterm2/en/view/658c1029-888f-4e18-83b1-e94f1236f23e,,"echr +> ?""european convention human rights"";"
Maybe,cafe,corporate average fuel economy,"users type it, but UNTERM lists another meaning",1 - Best picks,Yes,Yes,Yes,2025-04-16,61,4,Yes,Clean Air for Europe,Ambiguous,https://unterm.un.org/unterm2/en/view/aa8ffef3-f125-499c-bf5d-fb75dfc3d52b,,"cafe +> ?""corporate average fuel economy"";"
Maybe,ppa,power purchase agreement,"users type it, but UNTERM lists another meaning",1 - Best picks,Yes,Yes,Yes,2023-12-30,59,,Yes,participatory poverty assessment,Ambiguous,https://unterm.un.org/unterm2/en/view/c9cce363-5ac1-4e5e-a20a-938059450e52,,"ppa +> ?""power purchase agreement"";"
Maybe,cbam,carbon border adjustment mechanism,"users type it, but UNTERM lists another meaning",1 - Best picks,Yes,Yes,Yes,2023-09-26,59,,Yes,Mediterranean Fine Arts Chamber,Ambiguous,https://unterm.un.org/unterm2/en/view/aa1e092e-91fa-492b-8f7e-718faaadae7b,,"cbam +> ?""carbon border adjustment mechanism"";"
Maybe,list,luxembourg institute science technology,"users type it, but it is also the everyday word ""list""",1 - Best picks,Yes,Yes,No,2023-10-30,59,,No,,,,Also an everyday English word.,"list +> ?""luxembourg institute science technology"";"
Maybe,sri,system rice intensification,"users type it, but UNTERM lists another meaning",1 - Best picks,Yes,Yes,No,2023-09-22,56,,Yes,Survey Research Institute,Ambiguous,https://unterm.un.org/unterm2/en/view/b2e650a2-9595-42d1-999f-6614f4cb7bc6,"The dictionary also has ""sri"" - check it is not a word people type.","sri +> ?""system rice intensification"";"
Maybe,cat,climate action tracker,"users type it, but it is also the everyday word ""cat""",1 - Best picks,Yes,Yes,Yes,2023-11-10,54,,Yes,,no expansion given,https://unterm.un.org/unterm2/en/view/c7815cf2-db37-432b-b0f0-188b8e383c59,Also an everyday English word.,"cat +> ?""climate action tracker"";"
Maybe,eed,energy efficiency directive,"users type it, but UNTERM lists another meaning",1 - Best picks,Yes,Yes,Yes,2023-10-04,54,1,Yes,electro-explosive device,Ambiguous,https://unterm.un.org/unterm2/en/view/04dad0b0-8f67-41b0-a1a7-0812692ba691,,"eed +> ?""energy efficiency directive"";"
Maybe,eis,environmental impact statement,"users type it, but UNTERM lists another meaning",1 - Best picks,Yes,Yes,Yes,2024-03-02,52,6,Yes,Efficiency Incentive Scheme,Ambiguous,https://unterm.un.org/unterm2/en/view/e5902117-4ebb-471b-bc2e-19b652e7a1d0,,"eis +> ?""environmental impact statement"";"
Maybe,cdp,carbon disclosure project,"users type it, but UNTERM lists another meaning",1 - Best picks,Yes,Yes,No,2024-03-20,52,20,Yes,common-depth-point,Ambiguous,https://unterm.un.org/unterm2/en/view/820e7928-ae60-430a-88e8-5f87da59bff9,,"cdp +> ?""carbon disclosure project"";"
Maybe,nps,net promoter score,"users type it, but UNTERM lists another meaning",1 - Best picks,Yes,No,No,2023-10-12,51,,Yes,new psychoactive substance,Ambiguous,https://unterm.un.org/unterm2/en/view/a1201c81-4494-4d56-ae02-5a4848383231,,"nps +> ?""net promoter score"";"
Maybe,ace,action climate empowerment,"users type it, but it is also the everyday word ""ace""",1 - Best picks,Yes,Yes,Yes,2024-07-26,49,3,Yes,,no expansion given,https://unterm.un.org/unterm2/en/view/987f6373-f0dd-449c-83aa-5cd40d6a9b33,Also an everyday English word.,"ace +> ?""action climate empowerment"";"
Maybe,nsds,national sustainable development strategy,"users type it, but UNTERM lists another meaning",1 - Best picks,Yes,Yes,Yes,2023-09-29,47,8,Yes,national strategy for the development of statistics,Ambiguous,https://unterm.un.org/unterm2/en/view/344ba66d-11de-435e-a28b-49e1b4149b34,,"nsds +> ?""national sustainable development strategy"";"
Maybe,dsi,digital sequence information,"users type it, but UNTERM lists another meaning",1 - Best picks,Yes,No,No,2026-07-29,47,,Yes,digital speech interpolation,Ambiguous,https://unterm.un.org/unterm2/en/view/dcd55640-796d-4fb0-adc3-c75464aa139e,,"dsi +> ?""digital sequence information"";"
Maybe,cabei,central american bank economic integration,"users type it, but UNTERM lists another meaning",1 - Best picks,Yes,Yes,No,2025-06-17,43,,Yes,Intergovernmental Committee on the River Plate Basin,Ambiguous,https://unterm.un.org/unterm2/en/view/869c36b4-334b-4919-ba75-a353f00b9180,,"cabei +> ?""central american bank economic integration"";"
Maybe,dsm,demand side management,"users type it, but UNTERM lists another meaning",1 - Best picks,Yes,Yes,Yes,2024-08-09,42,,Yes,dried skim milk,Ambiguous,https://unterm.un.org/unterm2/en/view/76b39049-ebaf-41fd-b1fe-d04bcc82f797,,"dsm +> ?""demand side management"";"
Maybe,msp,marine spatial planning,"users type it, but UNTERM lists another meaning",1 - Best picks,Yes,Yes,Yes,2025-04-28,41,,Yes,medium-sized project,Ambiguous,https://unterm.un.org/unterm2/en/view/b4c521ab-89b9-4592-81e9-652bbaf4159a,,"msp +> ?""marine spatial planning"";"
Maybe,gesi,gender equality social inclusion,"users type it, but UNTERM lists another meaning",1 - Best picks,Yes,Yes,No,2024-11-21,40,2,Yes,Global e-Sustainability Initiative,Ambiguous,https://unterm.un.org/unterm2/en/view/b2fa7180-0009-442d-b6ab-70b1a5b39b77,,"gesi +> ?""gender equality social inclusion"";"
Maybe,ciel,center international environmental law,"users type it, but UNTERM lists another meaning",1 - Best picks,Yes,No,Yes,2025-09-25,38,,Yes,Euro-Lebanese Intercultural Centre,Ambiguous,https://unterm.un.org/unterm2/en/view/170d9874-70e5-4d80-8643-856b17073dbb,,"ciel +> ?""center international environmental law"";"
Maybe,ungc,united nations global compact,"users type it, but UNTERM lists another meaning",1 - Best picks,Yes,No,No,2025-07-28,34,,Yes,United Nations Governance Centre,Ambiguous,https://unterm.un.org/unterm2/en/view/28e42469-c3a3-4749-bb3e-e168ad74c298,,"ungc +> ?""united nations global compact"";"
Maybe,ice,information council environment,"users type it, but it is also the everyday word ""ice""",1 - Best picks,Yes,Yes,No,2024-01-19,33,,Yes,,no expansion given,https://unterm.un.org/unterm2/en/view/0c2dbb0a-a1d1-455e-8332-007bd997b069,Also an everyday English word.,"ice +> ?""information council environment"";"
Maybe,ecr,effective carbon rate,"users type it, but UNTERM lists another meaning",1 - Best picks,Yes,Yes,No,2025-12-03,32,,Yes,efficient customer response,Ambiguous,https://unterm.un.org/unterm2/en/view/d5c4ab5a-1784-4b23-bff9-8623c09c9ea4,,"ecr +> ?""effective carbon rate"";"
Maybe,cds,current development scenario,"users type it, but UNTERM lists another meaning",1 - Best picks,Yes,No,No,2023-10-05,30,,Yes,container delivery system,Ambiguous,https://unterm.un.org/unterm2/en/view/4fd1b409-56f4-42f1-a5cb-c7db2ac7ac45,,"cds +> ?""current development scenario"";"
Maybe,cgiar,consultative group international agricultural research,"users type it, but UNTERM lists another meaning",1 - Best picks,Yes,No,No,2025-09-04,28,,Yes,CGIAR System Organization,Ambiguous,https://unterm.un.org/unterm2/en/view/a8513951-2400-4ce3-bcb5-9d874353e840,,"cgiar +> ?""consultative group international agricultural research"";"
Maybe,csrd,corporate sustainability reporting directive,"users type it, but UNTERM lists another meaning",1 - Best picks,Yes,Yes,Yes,2023-09-27,27,1,Yes,Supreme Council for the Restoration of Democracy,Ambiguous,https://unterm.un.org/unterm2/en/view/09246225-648c-40e0-8e1e-3effac8be301,,"csrd +> ?""corporate sustainability reporting directive"";"
Maybe,iso,international standards organization,"users type it, but UNTERM lists another meaning",1 - Best picks,Yes,Yes,No,2024-02-07,27,,Yes,Insurance Service Office,Ambiguous,https://unterm.un.org/unterm2/en/view/709b9cd9-582a-4593-b1cd-c2910d20783c,"The dictionary also has ""iso"" - check it is not a word people type.","iso +> ?""international standards organization"";"
Maybe,snap,significant new alternatives policy,"users type it, but it is also the everyday word ""snap""",1 - Best picks,Yes,Yes,No,2023-09-22,27,2,Yes,Subnetwork access protocol,Ambiguous,https://unterm.un.org/unterm2/en/view/e8d0c7b2-8682-4f39-8060-37df9564b568,Also an everyday English word.,"snap +> ?""significant new alternatives policy"";"
Maybe,ioc,indian ocean commission,"users type it, but UNTERM lists another meaning",1 - Best picks,Yes,No,No,2026-02-23,26,7,Yes,Intergovernmental Oceanographic Commission,Ambiguous,https://unterm.un.org/unterm2/en/view/fceaaa12-21aa-4816-99ae-013f1f4beaf5,,"ioc +> ?""indian ocean commission"";"
Maybe,sia,social impact assessments,"users type it, but UNTERM lists another meaning",1 - Best picks,Yes,Yes,Yes,2023-10-12,26,,Yes,senior information assistant,Ambiguous,https://unterm.un.org/unterm2/en/view/9df531af-2cf5-4ff1-8987-0d8eaa7c1409,"The dictionary also has ""sia"" - check it is not a word people type.","sia +> ?""social impact assessments"";"
Maybe,wto,world trade organization,"users type it, but UNTERM lists another meaning",1 - Best picks,Yes,Yes,No,2026-02-16,26,,Yes,Warsaw Treaty Organization,Ambiguous,https://unterm.un.org/unterm2/en/view/30b1cab7-6a2f-4a14-af9f-c906cc80c251,,"wto +> ?""world trade organization"";"
Maybe,ncp,nature s contributions people,"users type it, but UNTERM lists another meaning",1 - Best picks,Yes,Yes,No,2025-10-16,24,,Yes,National Congress Party,Ambiguous,https://unterm.un.org/unterm2/en/view/c0ec4d50-2eb9-4b17-884a-d47474f250b4,,"ncp +> ?""nature s contributions people"";"
Maybe,mla,mineral leasing act,"users type it, but UNTERM lists another meaning",1 - Best picks,Yes,No,No,2025-12-11,24,,Yes,main line of action,Ambiguous,https://unterm.un.org/unterm2/en/view/5269d752-cc78-4bb1-ad9b-edd81dc86eb0,,"mla +> ?""mineral leasing act"";"
Maybe,ppe,personal protective equipment,"users type it, but UNTERM lists another meaning",1 - Best picks,Yes,Yes,No,2024-04-15,24,,Yes,post-primary education,Ambiguous,https://unterm.un.org/unterm2/en/view/fe339a50-1e05-4f5b-b811-31aecbe34da0,,"ppe +> ?""personal protective equipment"";"
Maybe,pact,protected areas conservation trust,"users type it, but it is also the everyday word ""pact""",1 - Best picks,Yes,Yes,No,2024-02-13,24,,Yes,Partnership for Capacity Building in Africa,Ambiguous,https://unterm.un.org/unterm2/en/view/6aabd1e0-4992-4a00-9a8e-76c066beebe5,Also an everyday English word.,"pact +> ?""protected areas conservation trust"";"
Maybe,epca,energy policy conservation act,"users type it, but UNTERM lists another meaning",1 - Best picks,Yes,Yes,Yes,2025-09-25,21,2,Yes,European Petrochemical Association,Ambiguous,https://unterm.un.org/unterm2/en/view/e8c6f1f4-2a1b-4b49-94dd-fbcdd2fe6b45,,"epca +> ?""energy policy conservation act"";"
Maybe,tec,technology executive committee,"users type it, but UNTERM lists another meaning",1 - Best picks,Yes,No,No,2026-02-12,21,,Yes,Trade by Enterprise Characteristics,Ambiguous,https://unterm.un.org/unterm2/en/view/a3429d7f-1332-4fd5-9244-bea4a0819a00,"The dictionary also has ""tec"" - check it is not a word people type.","tec +> ?""technology executive committee"";"
Maybe,wspa,western states petroleum association,"users type it, but UNTERM lists another meaning",1 - Best picks,Yes,Yes,Yes,2025-12-11,21,,Yes,World Sport Publishers' Association,Ambiguous,https://unterm.un.org/unterm2/en/view/b177a0ac-cfb8-4fe5-8556-e1db711539b4,,"wspa +> ?""western states petroleum association"";"
Maybe,esf,european social fund,"users type it, but UNTERM lists another meaning",1 - Best picks,Yes,No,Yes,2024-03-02,21,,Yes,Exchange Stabilization Fund,Ambiguous,https://unterm.un.org/unterm2/en/view/69c5d6a3-a311-4937-b66a-c6e8cbae055d,,"esf +> ?""european social fund"";"
Maybe,agr,acid gas removal,"users type it, but UNTERM lists another meaning",1 - Best picks,Yes,Yes,No,2024-04-11,20,,Yes,European Agreement on main international traffic arteries,Ambiguous,https://unterm.un.org/unterm2/en/view/49af736b-66f9-4554-ad3a-e34bc039b87d,,"agr +> ?""acid gas removal"";"
Maybe,uct,university cape town,"users type it, but UNTERM lists another meaning",1 - Best picks,Yes,No,No,2025-08-18,20,,Yes,unconditional cash transfer,Ambiguous,https://unterm.un.org/unterm2/en/view/77e36efa-a203-4890-a23b-ef950b4efef1,,"uct +> ?""university cape town"";"
Maybe,nis,national inventory system,"users type it, but UNTERM lists another meaning",1 - Best picks,Yes,Yes,Yes,2024-04-17,20,,Yes,National Institute of Statistics,Ambiguous,https://unterm.un.org/unterm2/en/view/f5e1501c-1403-4562-b155-7764a043c29d,,"nis +> ?""national inventory system"";"
Maybe,ara,amendment restatement agreement,weak - the acronym is also a normal word,1 - Best picks,No,Yes,No,2024-02-05,3976,2,Yes,"Antwerp, Rotterdam, Amsterdam",Ambiguous,https://unterm.un.org/unterm2/en/view/6d18fe4a-342a-400e-a705-18498899f143,Also an everyday English word.,"ara +> ?""amendment restatement agreement"";"
Maybe,ppg,project preparation grant,"only the long name was searched, not the acronym",1 - Best picks,No,No,Yes,2024-12-26,2201,,Yes,project preparation grant,Matches,https://unterm.un.org/unterm2/en/view/9e9a2b16-e5bc-4a6b-83b6-3bdc4d07c736,,"ppg +> ?""project preparation grant"";"
Maybe,gdp,gross domestic product,only seen inside longer searches,1 - Best picks,No,Yes,Yes,2023-09-19,1411,2,Yes,gross domestic product,Matches,https://unterm.un.org/unterm2/en/view/5ed9b727-6d9f-4df6-bc00-80eb4d4390eb,,"gdp +> ?""gross domestic product"";"
Maybe,psc,project steering committee,"only the long name was searched, not the acronym",1 - Best picks,No,No,Yes,2025-07-21,1121,,Yes,Social Christian Party,Ambiguous,https://unterm.un.org/unterm2/en/view/d6babe64-b0a0-4b2b-803c-146d1f2171a5,,"psc +> ?""project steering committee"";"
Maybe,tnc,third national communication,"only the long name was searched, not the acronym",1 - Best picks,No,No,Yes,2024-02-07,962,13,Yes,Tsunami National Contact,Ambiguous,https://unterm.un.org/unterm2/en/view/00028b3e-a261-43fc-b62e-617159ea129f,,"tnc +> ?""third national communication"";"
Maybe,eea,european environment agency,only seen inside longer searches,1 - Best picks,No,Yes,Yes,2025-08-15,924,,Yes,European Economic Area,Ambiguous,https://unterm.un.org/unterm2/en/view/735fae1a-64bc-4db5-8fdd-e905b6fe4fda,,"eea +> ?""european environment agency"";"
Maybe,esmp,environmental social management plan,"only the long name was searched, not the acronym",1 - Best picks,No,No,Yes,2025-08-18,752,,No,,,,,"esmp +> ?""environmental social management plan"";"
Maybe,ldn,land degradation neutrality,only seen inside longer searches,1 - Best picks,No,Yes,Yes,2024-11-23,659,2,Yes,,no expansion given,https://unterm.un.org/unterm2/en/view/c25c0a24-11bc-40bd-8076-53b30e9c6d82,,"ldn +> ?""land degradation neutrality"";"
Maybe,oda,official development assistance,only seen inside longer searches,1 - Best picks,No,Yes,No,2023-11-21,604,,Yes,Overseas Development Assistance,Ambiguous,https://unterm.un.org/unterm2/en/view/d14ef5d0-9330-4865-932d-083982334a05,"The dictionary also has ""oda"" - check it is not a word people type.","oda +> ?""official development assistance"";"
Maybe,slm,sustainable land management,only seen inside longer searches,1 - Best picks,No,Yes,Yes,2024-08-05,427,2,Yes,,no expansion given,https://unterm.un.org/unterm2/en/view/fd552529-d711-423c-91c5-191b608b5fa2,,"slm +> ?""sustainable land management"";"
Maybe,cca,climate change adaptation,only seen inside longer searches,1 - Best picks,No,Yes,Yes,2023-09-19,346,2,Yes,Commission for Conventional Armaments,Ambiguous,https://unterm.un.org/unterm2/en/view/dcb0ee99-5cfa-44a9-bc87-0f5f8b0117c7,,"cca +> ?""climate change adaptation"";"
Maybe,doc,degradable organic carbon,weak - the acronym is also a normal word,1 - Best picks,No,Yes,No,2026-04-07,338,,Yes,,no expansion given,https://unterm.un.org/unterm2/en/view/b3bd81d7-5452-4b5d-8609-2a68c34b8168,Also an everyday English word.,"doc +> ?""degradable organic carbon"";"
Maybe,oof,other official flows,"only the long name was searched, not the acronym",1 - Best picks,No,No,Yes,2026-02-19,322,,Yes,other official flows,Matches,https://unterm.un.org/unterm2/en/view/45f542cd-2616-4f67-8f3f-2d8b8fc59a23,,"oof +> ?""other official flows"";"
Maybe,snc,second national communication,"only the long name was searched, not the acronym",1 - Best picks,No,No,Yes,2024-12-03,313,4,Yes,Supreme National Council,Ambiguous,https://unterm.un.org/unterm2/en/view/cff69967-ce6e-4891-b33d-949bbba211f7,,"snc +> ?""second national communication"";"
Maybe,mem,ministry energy mines,only seen inside longer searches,1 - Best picks,No,Yes,Yes,2024-07-27,280,,Yes,,no expansion given,https://unterm.un.org/unterm2/en/view/99061230-5b30-424e-8a9d-4c8a173c9984,"The dictionary also has ""mem"" - check it is not a word people type.","mem +> ?""ministry energy mines"";"
Maybe,eafrd,european agricultural fund rural development,only seen inside longer searches,1 - Best picks,No,Yes,Yes,2023-09-26,271,6,No,,,,,"eafrd +> ?""european agricultural fund rural development"";"
Maybe,nfi,national forest inventory,"only the long name was searched, not the acronym",1 - Best picks,No,No,Yes,2026-02-05,267,,Yes,,no expansion given,https://unterm.un.org/unterm2/en/view/eeae9545-4276-4e46-acf4-a2a422d579e4,,"nfi +> ?""national forest inventory"";"
Maybe,nen,national ecological network,only seen inside longer searches,1 - Best picks,No,Yes,No,2025-11-15,245,,Yes,,no expansion given,https://unterm.un.org/unterm2/en/view/126f74a6-2376-48e3-abfc-da5444a32ea1,,"nen +> ?""national ecological network"";"
Maybe,mef,ministry economy finance,only seen inside longer searches,1 - Best picks,No,Yes,Yes,2025-09-08,242,,Yes,Malaita Eagle Force,Ambiguous,https://unterm.un.org/unterm2/en/view/06507581-7200-411a-907e-e5ad9e2c5ccf,,"mef +> ?""ministry economy finance"";"
Maybe,mme,ministry mines energy,only seen inside longer searches,1 - Best picks,No,Yes,Yes,2024-02-21,227,,Yes,multinational marketing enterprises,Ambiguous,https://unterm.un.org/unterm2/en/view/e8f5052b-8aa0-4e2b-be76-8c31ce4193bf,,"mme +> ?""ministry mines energy"";"
Maybe,imf,international monetary fund,only seen inside longer searches,1 - Best picks,No,Yes,Yes,2025-11-11,225,,Yes,International Monetary Fund,Matches,https://unterm.un.org/unterm2/en/view/6730df6c-8b9b-4525-a0fa-c5bcfe67bca9,,"imf +> ?""international monetary fund"";"
Maybe,nbsp,national biodiversity strategy action plan,only seen inside longer searches,1 - Best picks,No,Yes,Yes,2023-09-14,207,,No,,,,,"nbsp +> ?""national biodiversity strategy action plan"";"
Maybe,ldcf,least developed countries fund,only seen inside longer searches,1 - Best picks,No,Yes,Yes,2025-08-20,206,,Yes,Least Developed Countries Fund,Matches,https://unterm.un.org/unterm2/en/view/f412f3f4-7419-459f-bb06-756190aabfef,,"ldcf +> ?""least developed countries fund"";"
Maybe,eip,european innovation partnership,only seen inside longer searches,1 - Best picks,No,Yes,No,2025-09-04,202,,Yes,estimated incident position,Ambiguous,https://unterm.un.org/unterm2/en/view/1462d32c-3ea5-47bc-96e5-56b923685f22,,"eip +> ?""european innovation partnership"";"
Maybe,iee,initial environmental examination,only seen inside longer searches,1 - Best picks,No,Yes,No,2025-04-06,187,4,Yes,Institute of Experimental Endocrinology,Ambiguous,https://unterm.un.org/unterm2/en/view/7968df21-df03-473b-80ad-9efa35203ac8,,"iee +> ?""initial environmental examination"";"
Maybe,voc,volatile organic compounds,"only the long name was searched, not the acronym",1 - Best picks,No,No,Yes,2024-11-27,178,,Yes,volatile organic compound,Ambiguous,https://unterm.un.org/unterm2/en/view/520eac76-a8f5-42bf-9a83-286203324fd0,,"voc +> ?""volatile organic compounds"";"
Maybe,ccm,climate change mitigation,"only the long name was searched, not the acronym",1 - Best picks,No,No,Yes,2023-09-19,177,,Yes,country coordinating mechanism,Ambiguous,https://unterm.un.org/unterm2/en/view/7af3945b-57a5-4cc6-b30b-09a19e49af84,,"ccm +> ?""climate change mitigation"";"
Maybe,tfeu,treaty functioning european union,only seen inside longer searches,1 - Best picks,No,Yes,No,2026-03-16,165,,No,,,,,"tfeu +> ?""treaty functioning european union"";"
Maybe,acap,agreement conservation albatrosses petrels,only seen inside longer searches,1 - Best picks,No,Yes,No,2025-10-07,161,,Yes,Agreement on the Conservation of Albatrosses and Petrels,Matches,https://unterm.un.org/unterm2/en/view/5034e324-8072-4049-b749-f9abe3854067,,"acap +> ?""agreement conservation albatrosses petrels"";"
Maybe,sep,stakeholder engagement plan,only seen inside longer searches,1 - Best picks,No,Yes,Yes,2024-02-01,156,2,Yes,,no expansion given,https://unterm.un.org/unterm2/en/view/21ed70cf-13af-4a81-939f-a51acdd40516,,"sep +> ?""stakeholder engagement plan"";"
Maybe,fws,fish wildlife service,"only the long name was searched, not the acronym",1 - Best picks,No,No,Yes,2025-10-27,152,,Yes,four-wheel-steering,Ambiguous,https://unterm.un.org/unterm2/en/view/b43eaf52-263b-41a9-a20f-19f88883e65d,,"fws +> ?""fish wildlife service"";"
Maybe,omb,office management budget,only seen inside longer searches,1 - Best picks,No,Yes,Yes,2025-09-25,148,,Yes,Office of Management and Budget,Matches,https://unterm.un.org/unterm2/en/view/0f15156c-943d-4948-830c-a5ce83741e88,,"omb +> ?""office management budget"";"
Maybe,sccf,special climate change fund,only seen inside longer searches,1 - Best picks,No,Yes,No,2026-05-20,145,,Yes,Special Climate Change Fund,Matches,https://unterm.un.org/unterm2/en/view/c3bb59d2-8167-42d5-89dc-6c293a5faa0d,,"sccf +> ?""special climate change fund"";"
Maybe,rap,resettlement action plan,"only the long name was searched, not the acronym",1 - Best picks,No,Yes,Yes,2025-08-28,134,,Yes,rights accumulation programme,Ambiguous,https://unterm.un.org/unterm2/en/view/149caa2e-aba4-4c45-a837-606a99ce74cb,Also an everyday English word.,"rap +> ?""resettlement action plan"";"
Maybe,drm,disaster risk management,"only the long name was searched, not the acronym",1 - Best picks,No,No,Yes,2023-09-22,134,,Yes,,no expansion given,https://unterm.un.org/unterm2/en/view/b2bfefa2-2fae-4100-b737-43d146fea302,,"drm +> ?""disaster risk management"";"
Maybe,ndrrmp,national disaster risk reduction management plan,"only the long name was searched, not the acronym",1 - Best picks,No,No,Yes,2023-11-09,124,,No,,,,,"ndrrmp +> ?""national disaster risk reduction management plan"";"
Maybe,mwe,ministry water environment,"only the long name was searched, not the acronym",1 - Best picks,No,No,Yes,2024-02-15,123,,No,,,,,"mwe +> ?""ministry water environment"";"
Maybe,cef,connecting europe facility,only seen inside longer searches,1 - Best picks,No,Yes,Yes,2024-03-02,121,,Yes,,no expansion given,https://unterm.un.org/unterm2/en/view/8849f042-5019-48e1-bbef-1044c36b3d71,,"cef +> ?""connecting europe facility"";"
Maybe,ccra,climate change risk assessment,only seen inside longer searches,1 - Best picks,No,Yes,Yes,2023-10-15,119,,No,,,,,"ccra +> ?""climate change risk assessment"";"
Maybe,inc,initial national communication,only seen inside longer searches,1 - Best picks,No,Yes,Yes,2023-10-25,119,,Yes,,no expansion given,https://unterm.un.org/unterm2/en/view/35f4e585-ddf9-44eb-850b-9bc76fa7e59c,,"inc +> ?""initial national communication"";"
Maybe,grm,grievance redress mechanism,only seen inside longer searches,1 - Best picks,No,Yes,Yes,2025-08-18,118,,Yes,,no expansion given,https://unterm.un.org/unterm2/en/view/506e0c1c-b4bc-4ee5-abd8-d2403f48f2e6,,"grm +> ?""grievance redress mechanism"";"
Maybe,nsc,national steering committee,"only the long name was searched, not the acronym",1 - Best picks,No,No,Yes,2024-08-04,117,,Yes,,no expansion given,https://unterm.un.org/unterm2/en/view/5b88c014-561c-44ff-998b-5897f480795e,,"nsc +> ?""national steering committee"";"
Maybe,nccrs,national climate change response strategy,only seen inside longer searches,1 - Best picks,No,Yes,Yes,2023-09-22,116,,Yes,National Coordinating Committee on Remote Sensing,Ambiguous,https://unterm.un.org/unterm2/en/view/ee5c2eb6-3293-45a2-adcc-389e086fa5aa,,"nccrs +> ?""national climate change response strategy"";"
Maybe,eez,exclusive economic zone,only seen inside longer searches,1 - Best picks,No,Yes,Yes,2024-06-24,106,,Yes,exclusive economic zone,Matches,https://unterm.un.org/unterm2/en/view/a4be0fdb-1a92-46a5-97e0-f8ef6a5d668b,,"eez +> ?""exclusive economic zone"";"
Maybe,ods,ozone depleting substances,only seen inside longer searches,1 - Best picks,No,Yes,Yes,2023-11-16,104,,Yes,Ocean Data Station,Ambiguous,https://unterm.un.org/unterm2/en/view/d8ddb55c-b32b-4fc6-8e60-4bc10a9a0874,"The dictionary also has ""ods"" - check it is not a word people type.","ods +> ?""ozone depleting substances"";"
Maybe,ber,biodiversity expenditure review,only seen inside longer searches,1 - Best picks,No,Yes,No,2023-11-07,101,,Yes,,no expansion given,https://unterm.un.org/unterm2/en/view/4875c33a-9891-43c2-970e-3dde1294f5d0,"The dictionary also has ""ber"" - check it is not a word people type.","ber +> ?""biodiversity expenditure review"";"
Maybe,tac,technical advisory committee,"only the long name was searched, not the acronym",1 - Best picks,No,No,Yes,2024-02-23,100,,Yes,Technical Advisory Committee,Matches,https://unterm.un.org/unterm2/en/view/d153d000-b05c-4ce6-aa12-501161cd2d28,,"tac +> ?""technical advisory committee"";"
Maybe,cdb,caribbean development bank,"only the long name was searched, not the acronym",1 - Best picks,No,No,Yes,2025-11-13,99,,Yes,Netherlands Bureau for Economic Policy Analysis,Ambiguous,https://unterm.un.org/unterm2/en/view/1a2f3284-85cd-4bc1-bda7-e4790c073c7a,,"cdb +> ?""caribbean development bank"";"
Maybe,mat,mutually agreed terms,only seen inside longer searches,1 - Best picks,No,Yes,No,2026-05-08,98,,Yes,,no expansion given,https://unterm.un.org/unterm2/en/view/65759ce4-ce48-4e6c-84cf-94f601824d47,"The dictionary also has ""mat"" - check it is not a word people type.","mat +> ?""mutually agreed terms"";"
Maybe,npv,net present value,"only the long name was searched, not the acronym",1 - Best picks,No,No,Yes,2025-02-20,92,,Yes,net present value,Matches,https://unterm.un.org/unterm2/en/view/bde4eb60-e6d9-4731-9cb0-f4113a76e8f8,,"npv +> ?""net present value"";"
Maybe,iplc,indigenous peoples local communities,"only the long name was searched, not the acronym",1 - Best picks,No,No,Yes,2025-04-30,91,2,Yes,Indigenous Peoples Liaison Committee,Ambiguous,https://unterm.un.org/unterm2/en/view/4da66f23-de86-49d9-9697-f91af91f94ce,,"iplc +> ?""indigenous peoples local communities"";"
Maybe,sst,sea surface temperature,only seen inside longer searches,1 - Best picks,No,Yes,No,2026-01-23,86,,Yes,Sea-Surface Temperature,Matches,https://unterm.un.org/unterm2/en/view/7455d9ef-9dc0-47b4-a4f7-46d1ba51a424,,"sst +> ?""sea surface temperature"";"
Maybe,eccc,environment climate change canada,"only the long name was searched, not the acronym",1 - Best picks,No,No,Yes,2023-11-14,84,,Yes,Extraordinary Chambers in the Courts of Cambodia,Ambiguous,https://unterm.un.org/unterm2/en/view/e1a835b3-a013-40ec-bffa-cb99a35d957d,,"eccc +> ?""environment climate change canada"";"
Maybe,nsdrm,national strategy disaster risk management,"only the long name was searched, not the acronym",1 - Best picks,No,No,Yes,2023-09-22,80,,No,,,,,"nsdrm +> ?""national strategy disaster risk management"";"
Maybe,wef,world economic forum,only seen inside longer searches,1 - Best picks,No,Yes,No,2024-05-20,77,,Yes,World Education Forum,Ambiguous,https://unterm.un.org/unterm2/en/view/cd9feb29-9868-4ef7-a4dd-a985c5d0dba7,,"wef +> ?""world economic forum"";"
Maybe,met,ministry environment tourism,only seen inside longer searches,1 - Best picks,No,Yes,Yes,2023-11-07,77,,Yes,,no expansion given,https://unterm.un.org/unterm2/en/view/48773d3e-3409-4022-af26-628e46df1160,"The dictionary also has ""met"" - check it is not a word people type.","met +> ?""ministry environment tourism"";"
Maybe,eagf,european agricultural guarantee fund,only seen inside longer searches,1 - Best picks,No,Yes,Yes,2023-09-26,76,6,No,,,,,"eagf +> ?""european agricultural guarantee fund"";"
Maybe,dcc,department climate change,"only the long name was searched, not the acronym",1 - Best picks,No,No,Yes,2024-02-15,76,,Yes,Decade Collaborative Centre,Ambiguous,https://unterm.un.org/unterm2/en/view/e9be4393-b678-46de-b54f-d81d54a7cdda,,"dcc +> ?""department climate change"";"
Maybe,bee,bureau energy efficiency,only seen inside longer searches,1 - Best picks,No,Yes,No,2025-12-09,75,,Yes,Black Economic Empowerment,Ambiguous,https://unterm.un.org/unterm2/en/view/675851f5-4c52-41c7-ba66-59c8df06d746,"The dictionary also has ""bee"" - check it is not a word people type.","bee +> ?""bureau energy efficiency"";"
Maybe,clc,corine land cover,only seen inside longer searches,1 - Best picks,No,Yes,No,2025-11-04,75,,Yes,Community Learning Centre,Ambiguous,https://unterm.un.org/unterm2/en/view/83f0abe7-86a5-489a-aecc-c7d5232b51d6,,"clc +> ?""corine land cover"";"
Maybe,irr,internal rate return,only seen inside longer searches,1 - Best picks,No,Yes,Yes,2024-04-15,75,,Yes,,no expansion given,https://unterm.un.org/unterm2/en/view/12ad9ea0-8898-45c4-a100-e34e881c3d92,,"irr +> ?""internal rate return"";"
Maybe,neap,national environmental action plan,"only the long name was searched, not the acronym",1 - Best picks,No,No,Yes,2023-09-20,73,2,Yes,National Environmental Action Plan,Matches,https://unterm.un.org/unterm2/en/view/ed92e2d4-da62-428b-9fd7-80ab93e6fe04,"The dictionary also has ""neap"" - check it is not a word people type.","neap +> ?""national environmental action plan"";"
Maybe,tsd,technical support document,only seen inside longer searches,1 - Best picks,No,Yes,No,2026-03-30,72,,Yes,,no expansion given,https://unterm.un.org/unterm2/en/view/e94b7c6e-6ec9-4bf8-99de-802a55efd300,,"tsd +> ?""technical support document"";"
Maybe,boem,bureau ocean energy management,only seen inside longer searches,1 - Best picks,No,Yes,Yes,2025-12-04,72,,No,,,,,"boem +> ?""bureau ocean energy management"";"
Maybe,ncip,national crop insurance programme,"only the long name was searched, not the acronym",1 - Best picks,No,No,Yes,2025-04-15,70,,Yes,National Commission on Indigenous Peoples,Ambiguous,https://unterm.un.org/unterm2/en/view/3d7a86e1-bcbf-4465-9be9-4cc4e3b396de,,"ncip +> ?""national crop insurance programme"";"
Maybe,brt,bus rapid transit,"only the long name was searched, not the acronym",1 - Best picks,No,No,Yes,2026-04-02,69,,Yes,build-rent-transfer,Ambiguous,https://unterm.un.org/unterm2/en/view/2078e0bb-9808-4190-9d61-9ebf19cd28a2,,"brt +> ?""bus rapid transit"";"
Maybe,nasa,national aeronautics space administration,only seen inside longer searches,1 - Best picks,No,Yes,No,2024-06-08,68,,Yes,national staff association,Ambiguous,https://unterm.un.org/unterm2/en/view/7209a345-209c-4ca3-9d6b-0b617adc8684,,"nasa +> ?""national aeronautics space administration"";"
Maybe,ida,international development association,only seen inside longer searches,1 - Best picks,No,Yes,No,2025-11-20,67,,Yes,IDA Foundation,Ambiguous,https://unterm.un.org/unterm2/en/view/736f912a-f898-4918-b99a-3ce406e3ea60,"The dictionary also has ""ida"" - check it is not a word people type.","ida +> ?""international development association"";"
Maybe,def,department environment forests,only seen inside longer searches,1 - Best picks,No,Yes,No,2024-08-05,67,,Yes,Development and Employment Fund,Ambiguous,https://unterm.un.org/unterm2/en/view/1b9da0cf-24b6-4562-9e1f-b50e762b81f6,,"def +> ?""department environment forests"";"
Maybe,undaf,united nations development assistance framework,only seen inside longer searches,1 - Best picks,No,Yes,Yes,2024-01-26,65,2,Yes,United Nations Development Assistance Framework,Matches,https://unterm.un.org/unterm2/en/view/5327e155-16bb-41f9-83d3-a2d816812f2b,,"undaf +> ?""united nations development assistance framework"";"
Maybe,sip,state implementation plan,"only the long name was searched, not the acronym",1 - Best picks,No,No,Yes,2024-08-04,65,,Yes,spherical ion probe,Ambiguous,https://unterm.un.org/unterm2/en/view/add3ed70-584e-4d79-8d46-17e6b2dfa5af,"The dictionary also has ""sip"" - check it is not a word people type.","sip +> ?""state implementation plan"";"
Maybe,eaf,electric arc furnace,"only the long name was searched, not the acronym",1 - Best picks,No,No,Yes,2024-02-22,61,,Yes,Entity Armed Forces,Ambiguous,https://unterm.un.org/unterm2/en/view/c851dee2-7a26-46b2-9642-892a15d3a7c1,,"eaf +> ?""electric arc furnace"";"
Maybe,dilg,department interior local government,only seen inside longer searches,1 - Best picks,No,Yes,No,2025-01-30,61,,No,,,,,"dilg +> ?""department interior local government"";"
Maybe,lucf,land use change forestry,only seen inside longer searches,1 - Best picks,No,Yes,Yes,2023-10-30,60,,Yes,"land use, land-use change and forestry",Matches,https://unterm.un.org/unterm2/en/view/a054c4f7-c83d-4926-9d22-448544d4e0ad,,"lucf +> ?""land use change forestry"";"
Maybe,msfd,marine strategy framework directive,"only the long name was searched, not the acronym",1 - Best picks,No,No,Yes,2026-08-03,59,,No,,,,,"msfd +> ?""marine strategy framework directive"";"
Maybe,nrmp,national rangeland management policy,"only the long name was searched, not the acronym",1 - Best picks,No,No,Yes,2025-10-05,58,,No,,,,,"nrmp +> ?""national rangeland management policy"";"
Maybe,nip,national implementation plan,"only the long name was searched, not the acronym",1 - Best picks,No,No,Yes,2024-08-04,56,,Yes,National Indicative Programme,Ambiguous,https://unterm.un.org/unterm2/en/view/ee619fc0-f1cb-450a-b19b-11264d84bb64,"The dictionary also has ""nip"" - check it is not a word people type.","nip +> ?""national implementation plan"";"
Maybe,hhs,health human services,"only the long name was searched, not the acronym",1 - Best picks,No,No,Yes,2023-09-18,56,,Yes,,no expansion given,https://unterm.un.org/unterm2/en/view/28458305-84f0-4e04-862f-fc1128472d37,,"hhs +> ?""health human services"";"
Maybe,mmt,million metric tons,"only the long name was searched, not the acronym",1 - Best picks,No,No,Yes,2025-02-20,56,,No,,,,,"mmt +> ?""million metric tons"";"
Maybe,mta,material transfer agreement,only seen inside longer searches,1 - Best picks,No,Yes,No,2025-09-25,55,,Yes,Material Transfer Agreement,Matches,https://unterm.un.org/unterm2/en/view/fa774ff4-b7fd-4b2a-a1ed-530e88776220,,"mta +> ?""material transfer agreement"";"
Maybe,luc,land use change,only seen inside longer searches,1 - Best picks,No,Yes,Yes,2024-02-21,55,,Yes,Land Use Change,Matches,https://unterm.un.org/unterm2/en/view/9fd21e6e-c8da-412a-bf68-729498a896d8,"The dictionary also has ""luc"" - check it is not a word people type.","luc +> ?""land use change"";"
Maybe,its,intelligent transport systems,"only the long name was searched, not the acronym",1 - Best picks,No,Yes,Yes,2023-10-31,54,2,Yes,Integrated Training Service,Ambiguous,https://unterm.un.org/unterm2/en/view/5facd319-dcc1-41c1-a57e-74a224a86c82,Also an everyday English word.,"its +> ?""intelligent transport systems"";"
Maybe,mac,marginal abatement cost,only seen inside longer searches,1 - Best picks,No,Yes,Yes,2025-03-31,54,,Yes,Mining Association of Canada,Ambiguous,https://unterm.un.org/unterm2/en/view/4565246b-2955-4f6d-baeb-5ca352c9fb33,"The dictionary also has ""mac"" - check it is not a word people type.","mac +> ?""marginal abatement cost"";"
Maybe,cesr,center economic social rights,only seen inside longer searches,1 - Best picks,No,Yes,Yes,2026-06-14,53,,Yes,Space Radiation Studies Centre,Ambiguous,https://unterm.un.org/unterm2/en/view/53d04db9-c5e4-48e0-b9b5-e532a5278301,,"cesr +> ?""center economic social rights"";"
Maybe,gcca,global climate change alliance,"only the long name was searched, not the acronym",1 - Best picks,No,No,Yes,2024-08-05,53,,Yes,Global Climate Change Alliance,Matches,https://unterm.un.org/unterm2/en/view/06712cf4-e6fe-44df-899c-f0089515dc49,,"gcca +> ?""global climate change alliance"";"
Maybe,ocsla,outer continental shelf lands act,only seen inside longer searches,1 - Best picks,No,Yes,No,2026-02-19,51,,No,,,,,"ocsla +> ?""outer continental shelf lands act"";"
Maybe,depa,danish environmental protection agency,only seen inside longer searches,1 - Best picks,No,Yes,No,2025-05-24,49,,No,,,,"The dictionary also has ""depa"" - check it is not a word people type.","depa +> ?""danish environmental protection agency"";"
Maybe,jrc,joint research centre,only seen inside longer searches,1 - Best picks,No,Yes,No,2025-03-18,49,,Yes,Jamaica Railway Corporation,Ambiguous,https://unterm.un.org/unterm2/en/view/9e4fbaf9-a7dd-4354-bd62-b39aa0447e3a,,"jrc +> ?""joint research centre"";"
Maybe,ndpc,national development planning commission,"only the long name was searched, not the acronym",1 - Best picks,No,No,Yes,2026-03-16,49,,No,,,,,"ndpc +> ?""national development planning commission"";"
Maybe,nmfs,national marine fisheries service,only seen inside longer searches,1 - Best picks,No,Yes,Yes,2025-10-01,48,,Yes,National Marine Fisheries Service,Matches,https://unterm.un.org/unterm2/en/view/b067c7ac-e432-4ca4-8bb6-e10cfd11d810,,"nmfs +> ?""national marine fisheries service"";"
Maybe,nei,national emissions inventory,"only the long name was searched, not the acronym",1 - Best picks,No,No,Yes,2025-04-16,47,,Yes,not elsewhere identified,Ambiguous,https://unterm.un.org/unterm2/en/view/9ed2d081-5bb3-4a7d-95ab-905589090cea,"The dictionary also has ""nei"" - check it is not a word people type.","nei +> ?""national emissions inventory"";"
Maybe,fec,final energy consumption,"only the long name was searched, not the acronym",1 - Best picks,No,No,Yes,2025-02-20,46,,Yes,fractional effective concentration,Ambiguous,https://unterm.un.org/unterm2/en/view/c8dbc456-1f7b-4825-a52f-586354ab52f8,,"fec +> ?""final energy consumption"";"
Maybe,bac,building adaptive capacity,"only the long name was searched, not the acronym",1 - Best picks,No,No,Yes,2025-12-11,45,,Yes,Basic Access Control,Ambiguous,https://unterm.un.org/unterm2/en/view/36600c7a-b092-40ad-b040-cb7748f49437,"The dictionary also has ""bac"" - check it is not a word people type.","bac +> ?""building adaptive capacity"";"
Maybe,sis,safeguards information system,only seen inside longer searches,1 - Best picks,No,Yes,No,2024-11-22,45,,Yes,Solar Imaging Suite,Ambiguous,https://unterm.un.org/unterm2/en/view/30ebd604-d275-440c-a55a-471982f4582a,"The dictionary also has ""sis"" - check it is not a word people type.","sis +> ?""safeguards information system"";"
Maybe,mea,metropolitan electricity authority,only seen inside longer searches,1 - Best picks,No,Yes,No,2026-09-08,45,,Yes,minimum equal amount,Ambiguous,https://unterm.un.org/unterm2/en/view/80eb9685-f1c8-4f98-998a-4c00098ac680,,"mea +> ?""metropolitan electricity authority"";"
Maybe,ippc,integrated pollution prevention control,"only the long name was searched, not the acronym",1 - Best picks,No,No,Yes,2024-02-29,44,,Yes,International Plant Protection Convention,Ambiguous,https://unterm.un.org/unterm2/en/view/b65fd394-7a03-45bf-9965-3c02bb574fe7,,"ippc +> ?""integrated pollution prevention control"";"
Maybe,usgs,united states geological survey,only seen inside longer searches,1 - Best picks,No,Yes,No,2026-08-24,44,,Yes,,no expansion given,https://unterm.un.org/unterm2/en/view/a1e06df8-9f05-420c-a602-09a5de718a0c,,"usgs +> ?""united states geological survey"";"
Maybe,mard,ministry agriculture rural development,"only the long name was searched, not the acronym",1 - Best picks,No,No,Yes,2026-03-16,44,,No,,,,,"mard +> ?""ministry agriculture rural development"";"
Maybe,nea,national environment agency,only seen inside longer searches,1 - Best picks,No,Yes,Yes,2024-07-25,43,,Yes,Nuclear Energy Agency,Ambiguous,https://unterm.un.org/unterm2/en/view/042182d9-6c1c-4b0b-a308-c3b5e4f35527,"The dictionary also has ""nea"" - check it is not a word people type.","nea +> ?""national environment agency"";"
Maybe,dcd,deputy country director,only seen inside longer searches,1 - Best picks,No,Yes,No,2026-05-18,42,,Yes,,no expansion given,https://unterm.un.org/unterm2/en/view/12867b38-e1ff-423b-b527-9e18efc114b2,,"dcd +> ?""deputy country director"";"
Maybe,amap,arctic monitoring assessment programme,only seen inside longer searches,1 - Best picks,No,Yes,No,2026-01-13,42,,Yes,Arctic Monitoring and Assessment Program,Ambiguous,https://unterm.un.org/unterm2/en/view/f33edfb3-3574-477d-84e9-e88c22573584,,"amap +> ?""arctic monitoring assessment programme"";"
Maybe,jtf,just transition fund,only seen inside longer searches,1 - Best picks,No,Yes,Yes,2023-11-07,42,,Yes,joint task force,Ambiguous,https://unterm.un.org/unterm2/en/view/e7809563-783f-463e-87fe-09c7c8ead274,,"jtf +> ?""just transition fund"";"
Maybe,gem,gas emissions model,"only the long name was searched, not the acronym",1 - Best picks,No,No,Yes,2024-03-02,41,,Yes,Gender Empowerment Measure,Ambiguous,https://unterm.un.org/unterm2/en/view/f11d9065-24f2-4032-8802-a995f9c26e62,"The dictionary also has ""gem"" - check it is not a word people type.","gem +> ?""gas emissions model"";"
Maybe,cii,confederation indian industry,only seen inside longer searches,1 - Best picks,No,Yes,No,2025-01-10,41,,Yes,Chartered Insurance Institute,Ambiguous,https://unterm.un.org/unterm2/en/view/975e7fde-78fe-478d-850e-efdb2f7725db,,"cii +> ?""confederation indian industry"";"
Maybe,npas,national protected areas system,"only the long name was searched, not the acronym",1 - Best picks,No,No,Yes,2025-07-15,40,,No,,,,,"npas +> ?""national protected areas system"";"
Maybe,pea,provincial electricity authority,only seen inside longer searches,1 - Best picks,No,Yes,No,2026-01-14,39,,Yes,Palestinian Energy Authority,Ambiguous,https://unterm.un.org/unterm2/en/view/02dd0691-056f-45c5-a6fa-bd44cbb572e2,"The dictionary also has ""pea"" - check it is not a word people type.","pea +> ?""provincial electricity authority"";"
Maybe,fdre,federal democratic republic ethiopia,only seen inside longer searches,1 - Best picks,No,Yes,No,2024-08-08,39,,No,,,,,"fdre +> ?""federal democratic republic ethiopia"";"
Maybe,frl,forest reference level,"only the long name was searched, not the acronym",1 - Best picks,No,No,Yes,2024-11-18,38,,Yes,,no expansion given,https://unterm.un.org/unterm2/en/view/fad22561-6acc-4948-bdff-1afcd90f8cba,,"frl +> ?""forest reference level"";"
Maybe,neri,national environmental research institute,only seen inside longer searches,1 - Best picks,No,Yes,No,2025-11-28,38,,No,,,,"The dictionary also has ""neri"" - check it is not a word people type.","neri +> ?""national environmental research institute"";"
Maybe,dwr,department water resources,"only the long name was searched, not the acronym",1 - Best picks,No,No,Yes,2024-02-15,38,,No,,,,,"dwr +> ?""department water resources"";"
Maybe,gio,gas inventory office,only seen inside longer searches,1 - Best picks,No,Yes,No,2026-06-10,37,,Yes,gross industrial output,Ambiguous,https://unterm.un.org/unterm2/en/view/9a1fbfb1-21f1-46c7-8d71-33e0ae5723f5,"The dictionary also has ""gio"" - check it is not a word people type.","gio +> ?""gas inventory office"";"
Maybe,vat,value added tax,only seen inside longer searches,1 - Best picks,No,Yes,Yes,2024-07-25,37,1,Yes,value added tax,Matches,https://unterm.un.org/unterm2/en/view/3ce92fd3-97e7-4046-8cc3-02cf28fd791c,"The dictionary also has ""vat"" - check it is not a word people type.","vat +> ?""value added tax"";"
Maybe,taf,technical assistance facility,only seen inside longer searches,1 - Best picks,No,Yes,Yes,2025-11-25,36,,Yes,,no expansion given,https://unterm.un.org/unterm2/en/view/25818930-1dc8-4809-8b2c-9667c95d98ac,,"taf +> ?""technical assistance facility"";"
Maybe,eei,edison electric institute,only seen inside longer searches,1 - Best picks,No,Yes,No,2026-05-12,36,,Yes,essential elements for information,Ambiguous,https://unterm.un.org/unterm2/en/view/49cd3714-428c-4f1d-b0a4-90e451792614,,"eei +> ?""edison electric institute"";"
Maybe,has,high alternative scenario,only seen inside longer searches,1 - Best picks,No,Yes,No,2023-10-25,36,,Yes,hardened aircraft shelter,Ambiguous,https://unterm.un.org/unterm2/en/view/1e6d45ee-65c4-4030-b403-e30e7db7c76b,,"has +> ?""high alternative scenario"";"
Maybe,irp,integrated resource plan,"only the long name was searched, not the acronym",1 - Best picks,No,No,Yes,2024-02-09,36,2,Yes,,no expansion given,https://unterm.un.org/unterm2/en/view/c425ee5e-3520-4019-a683-a60211460c05,,"irp +> ?""integrated resource plan"";"
Maybe,opm,office prime minister,"only the long name was searched, not the acronym",1 - Best picks,No,No,Yes,2025-11-19,36,,Yes,Organisation for Papua's Independence,Ambiguous,https://unterm.un.org/unterm2/en/view/c0b4b5e1-af63-4477-91ea-ed52bb742b84,,"opm +> ?""office prime minister"";"
Maybe,rss,royal scientific society,only seen inside longer searches,1 - Best picks,No,Yes,No,2025-11-08,35,,Yes,reintegration support scheme,Ambiguous,https://unterm.un.org/unterm2/en/view/369ebccc-417d-4106-9a46-de707a0f1f55,,"rss +> ?""royal scientific society"";"
Maybe,pame,protected area management effectiveness,only seen inside longer searches,1 - Best picks,No,Yes,No,2025-11-20,35,,Yes,Protection of the Arctic Marine Environment Working Group,Ambiguous,https://unterm.un.org/unterm2/en/view/6db3cb9e-c490-4bc1-a2ae-b2b0b502338f,,"pame +> ?""protected area management effectiveness"";"
Maybe,ibrd,international bank reconstruction development,"only the long name was searched, not the acronym",1 - Best picks,No,No,Yes,2025-11-17,35,,Yes,International Bank for Reconstruction and Development,Matches,https://unterm.un.org/unterm2/en/view/1288a9b7-14d5-4382-adf7-8eb3d7ca11fa,,"ibrd +> ?""international bank reconstruction development"";"
Maybe,dna,designated national authority,only seen inside longer searches,1 - Best picks,No,Yes,No,2024-08-10,35,,Yes,Defence Nuclear Agency,Ambiguous,https://unterm.un.org/unterm2/en/view/fbad8206-eee5-496f-bc2a-4a91825a07d0,,"dna +> ?""designated national authority"";"
Maybe,aai,alliance automotive innovation,only seen inside longer searches,1 - Best picks,No,Yes,Yes,2025-05-02,35,,Yes,,no expansion given,https://unterm.un.org/unterm2/en/view/5db2be3a-14d4-40aa-bbbc-5ae0a4b2f6e7,,"aai +> ?""alliance automotive innovation"";"
Maybe,des,data exchange standard,only seen inside longer searches,1 - Best picks,No,Yes,No,2023-12-19,34,,Yes,dietary energy supply,Ambiguous,https://unterm.un.org/unterm2/en/view/991eadba-079f-4289-8a38-63404666f4cf,,"des +> ?""data exchange standard"";"
Maybe,dpwh,department public works highways,only seen inside longer searches,1 - Best picks,No,Yes,No,2025-01-30,34,,No,,,,,"dpwh +> ?""department public works highways"";"
Maybe,fpa,federal power act,"only the long name was searched, not the acronym",1 - Best picks,No,No,Yes,2025-12-19,34,,Yes,Framework Programme of Action,Ambiguous,https://unterm.un.org/unterm2/en/view/a208071f-2739-410e-8f85-cc2914b5af44,,"fpa +> ?""federal power act"";"
Maybe,scap,species conservation action plan,only seen inside longer searches,1 - Best picks,No,Yes,No,2026-03-09,34,,Yes,,no expansion given,https://unterm.un.org/unterm2/en/view/16083b94-4a7f-4962-89fd-f737cb92fc87,"The dictionary also has ""scap"" - check it is not a word people type.","scap +> ?""species conservation action plan"";"
Maybe,hcc,high council climate,"only the long name was searched, not the acronym",1 - Best picks,No,No,Yes,2026-03-16,34,,Yes,Headquarters Committee on Contracts,Ambiguous,https://unterm.un.org/unterm2/en/view/d31ddf2e-8f5c-4fbc-a660-6cd6aceb4781,,"hcc +> ?""high council climate"";"
Maybe,scrap,students challenging regulatory agency procedures,only seen inside longer searches,1 - Best picks,No,Yes,No,2024-07-27,33,,No,,,,"The dictionary also has ""scrap"" - check it is not a word people type.","scrap +> ?""students challenging regulatory agency procedures"";"
Maybe,cdkn,climate development knowledge network,"only the long name was searched, not the acronym",1 - Best picks,No,No,Yes,2026-02-19,33,2,No,,,,,"cdkn +> ?""climate development knowledge network"";"
Maybe,mfa,ministry foreign affairs,"only the long name was searched, not the acronym",1 - Best picks,No,No,Yes,2025-05-28,33,,Yes,,no expansion given,https://unterm.un.org/unterm2/en/view/9311403b-15b6-410b-99d9-33932379b7b1,,"mfa +> ?""ministry foreign affairs"";"
Maybe,ria,regulatory impact analysis,only seen inside longer searches,1 - Best picks,No,Yes,No,2024-02-21,32,,Yes,radioimmunoassay,Ambiguous,https://unterm.un.org/unterm2/en/view/00d3ee87-1b1d-4bdc-a719-ba7b523069ea,"The dictionary also has ""ria"" - check it is not a word people type.","ria +> ?""regulatory impact analysis"";"
Maybe,mie,multilateral implementing entity,only seen inside longer searches,1 - Best picks,No,Yes,No,2026-04-13,32,,Yes,meals and incidental expenses,Ambiguous,https://unterm.un.org/unterm2/en/view/3569064b-fa1b-437b-887f-c7ad47aa09c2,,"mie +> ?""multilateral implementing entity"";"
Maybe,rea,rural electrifi cation authorit,only seen inside longer searches,1 - Best picks,No,Yes,No,2024-03-26,32,,Yes,"Resources Mobilization Service (Americas, Australia and Asia)",Ambiguous,https://unterm.un.org/unterm2/en/view/b6d6f9a8-fd15-41cd-bcce-906df98d6c81,"The dictionary also has ""rea"" - check it is not a word people type.","rea +> ?""rural electrifi cation authorit"";"
Maybe,toe,tons oil equivalent,only seen inside longer searches,1 - Best picks,No,Yes,No,2025-07-31,31,,Yes,ton of oil equivalent,Ambiguous,https://unterm.un.org/unterm2/en/view/3b9a14ff-50f1-4914-9b64-514af73cd8d3,"The dictionary also has ""toe"" - check it is not a word people type.","toe +> ?""tons oil equivalent"";"
Maybe,tar,tribal authority rule,weak - the acronym is also a normal word,1 - Best picks,No,Yes,No,2024-01-04,31,,Yes,terminal assessment report,Ambiguous,https://unterm.un.org/unterm2/en/view/37d96ea0-07d4-4506-a490-5016216379c6,Also an everyday English word.,"tar +> ?""tribal authority rule"";"
Maybe,gbf,global biodiversity framework,only seen inside longer searches,1 - Best picks,No,Yes,Yes,2024-08-07,31,,Yes,gravitational biology facility,Ambiguous,https://unterm.un.org/unterm2/en/view/f23c073a-de7f-49ef-a353-76e006180b62,,"gbf +> ?""global biodiversity framework"";"
Maybe,shgc,solar heat gain coefficient,only seen inside longer searches,1 - Best picks,No,Yes,No,2024-05-15,31,,No,,,,,"shgc +> ?""solar heat gain coefficient"";"
Maybe,depc,department environmental protection conservation,"only the long name was searched, not the acronym",1 - Best picks,No,No,Yes,2026-06-13,31,,No,,,,,"depc +> ?""department environmental protection conservation"";"
Maybe,nie,national implementing entity,only seen inside longer searches,1 - Best picks,No,Yes,Yes,2026-01-13,30,,Yes,new industrial economy,Ambiguous,https://unterm.un.org/unterm2/en/view/065bc6c9-59ab-4f61-a29f-1a3d5aee39c4,,"nie +> ?""national implementing entity"";"
Maybe,paf,priority action framework,"only the long name was searched, not the acronym",1 - Best picks,No,No,Yes,2025-07-21,29,,Yes,planning accuracy factor,Ambiguous,https://unterm.un.org/unterm2/en/view/6ba2d6e1-bb4d-42c9-b483-34747159cbcc,,"paf +> ?""priority action framework"";"
Maybe,weo,world energy outlook,only seen inside longer searches,1 - Best picks,No,Yes,No,2024-04-05,28,,Yes,World Economic Outlook,Ambiguous,https://unterm.un.org/unterm2/en/view/7df57ea4-f92f-49c8-ba60-ff87f32b51ce,,"weo +> ?""world energy outlook"";"
Maybe,lac,latin america caribbean,"only the long name was searched, not the acronym",1 - Best picks,No,No,Yes,2023-11-30,28,,Yes,light absorbing carbon,Ambiguous,https://unterm.un.org/unterm2/en/view/11754269-1fdf-400b-94c3-a05896fa9ac7,"The dictionary also has ""lac"" - check it is not a word people type.","lac +> ?""latin america caribbean"";"
Maybe,mec,ministry education culture,only seen inside longer searches,1 - Best picks,No,Yes,No,2025-03-10,28,,Yes,municipal election commission,Ambiguous,https://unterm.un.org/unterm2/en/view/a1670189-f769-44ce-8c75-ed9855de1f1d,,"mec +> ?""ministry education culture"";"
Maybe,vfdm,volta flood drought management,only seen inside longer searches,1 - Best picks,No,Yes,Yes,2025-12-07,27,,No,,,,,"vfdm +> ?""volta flood drought management"";"
Maybe,jreeef,jordan renewable energy energy efficiency fund,"only the long name was searched, not the acronym",1 - Best picks,No,No,Yes,2025-09-04,27,,Yes,Jordan Renewable Energy and Energy Efficiency Fund,Matches,https://unterm.un.org/unterm2/en/view/2722a664-6819-4b73-a212-fc39a63835f1,,"jreeef +> ?""jordan renewable energy energy efficiency fund"";"
Maybe,pop,persistent organic pollutants,"only the long name was searched, not the acronym",1 - Best picks,No,Yes,Yes,2024-12-11,27,,Yes,persistent organic pollutant,Ambiguous,https://unterm.un.org/unterm2/en/view/c8bf446d-a015-449e-84e8-c6f20e24f9ac,Also an everyday English word.,"pop +> ?""persistent organic pollutants"";"
Maybe,dbsa,development bank southern africa,only seen inside longer searches,1 - Best picks,No,Yes,No,2026-03-02,27,,No,,,,,"dbsa +> ?""development bank southern africa"";"
Maybe,lged,local government engineering department,only seen inside longer searches,1 - Best picks,No,Yes,No,2025-12-03,27,,No,,,,,"lged +> ?""local government engineering department"";"
Maybe,nfp,national focal point,only seen inside longer searches,1 - Best picks,No,Yes,No,2026-09-01,27,,Yes,Nairobi Framework Partnership,Ambiguous,https://unterm.un.org/unterm2/en/view/bcd3717c-cff9-4d83-b54c-a5d7fe537c42,,"nfp +> ?""national focal point"";"
Maybe,nccas,national climate change adaptation strategy,only seen inside longer searches,1 - Best picks,No,Yes,Yes,2023-09-19,27,2,No,,,,,"nccas +> ?""national climate change adaptation strategy"";"
Maybe,ocs,outer continental shelf,"only the long name was searched, not the acronym",1 - Best picks,No,No,Yes,2025-11-19,26,,Yes,outer continental shelf,Matches,https://unterm.un.org/unterm2/en/view/feee1438-6725-492f-8bb2-80d896ab7fcd,,"ocs +> ?""outer continental shelf"";"
Maybe,ared,accelerated renewable energy development,"only the long name was searched, not the acronym",1 - Best picks,No,No,Yes,2024-11-27,26,,Yes,Associates in Research and Education for Development,Ambiguous,https://unterm.un.org/unterm2/en/view/93b31b0a-4209-4fac-8328-423b323b36a2,"The dictionary also has ""ared"" - check it is not a word people type.","ared +> ?""accelerated renewable energy development"";"
Maybe,decc,department environment climate change,"only the long name was searched, not the acronym",1 - Best picks,No,No,Yes,2024-02-15,26,,No,,,,,"decc +> ?""department environment climate change"";"
Maybe,scc,social cost carbon,only seen inside longer searches,1 - Best picks,No,Yes,Yes,2024-05-07,26,,Yes,security control centre,Ambiguous,https://unterm.un.org/unterm2/en/view/a239564a-c905-4f9b-bb34-8a0a051f527a,,"scc +> ?""social cost carbon"";"
Maybe,mnr,ministry natural resources,"only the long name was searched, not the acronym",1 - Best picks,No,No,Yes,2026-01-28,26,,Yes,Movimiento Nacional Revolucionario,Ambiguous,https://unterm.un.org/unterm2/en/view/0535cc74-fa87-4c45-a6b4-72c30eac2d9c,,"mnr +> ?""ministry natural resources"";"
Maybe,nssd,national strategy sustainable development,"only the long name was searched, not the acronym",1 - Best picks,No,No,Yes,2023-09-29,26,,Yes,national strategy for sustainable development,Matches,https://unterm.un.org/unterm2/en/view/083b7d2e-b94f-4134-8258-b9d331b5c5cc,,"nssd +> ?""national strategy sustainable development"";"
Maybe,iba,important bird areas,only seen inside longer searches,1 - Best picks,No,Yes,No,2026-03-16,26,,Yes,,no expansion given,https://unterm.un.org/unterm2/en/view/024de6d7-c66f-4367-885a-41bb611196ff,"The dictionary also has ""iba"" - check it is not a word people type.","iba +> ?""important bird areas"";"
Maybe,csc,carbon stock change,only seen inside longer searches,1 - Best picks,No,Yes,No,2024-02-02,26,,Yes,,no expansion given,https://unterm.un.org/unterm2/en/view/4ffd6ddf-c9e6-4a4f-8d57-5751188b793a,,"csc +> ?""carbon stock change"";"
Maybe,bev,battery electric vehicles,only seen inside longer searches,1 - Best picks,No,Yes,Yes,2023-12-19,25,2,Yes,battery electric vehicle,Ambiguous,https://unterm.un.org/unterm2/en/view/0d855069-ef4d-44aa-bdc4-2231de73b2dc,,"bev +> ?""battery electric vehicles"";"
Maybe,srep,scaling up renewable energy programme,only seen inside longer searches,1 - Best picks,No,Yes,No,2026-08-10,25,2,No,,,,,"srep +> ?""scaling up renewable energy programme"";"
Maybe,hud,housing urban development,only seen inside longer searches,1 - Best picks,No,Yes,Yes,2024-03-14,25,,Yes,head-up display,Ambiguous,https://unterm.un.org/unterm2/en/view/e6e73e0f-625e-4d80-9062-7e31568076c7,"The dictionary also has ""hud"" - check it is not a word people type.","hud +> ?""housing urban development"";"
Maybe,cin,corporate identity number,only seen inside longer searches,1 - Best picks,No,Yes,No,2026-02-22,25,,Yes,country information note,Ambiguous,https://unterm.un.org/unterm2/en/view/3a36f26d-e122-4947-b221-74a5f8c19aa6,,"cin +> ?""corporate identity number"";"
Maybe,memd,ministry energy mineral development,"only the long name was searched, not the acronym",1 - Best picks,No,No,Yes,2025-01-18,25,,No,,,,,"memd +> ?""ministry energy mineral development"";"
Maybe,cco,climate change office,"only the long name was searched, not the acronym",1 - Best picks,No,No,Yes,2024-08-03,25,,Yes,,no expansion given,https://unterm.un.org/unterm2/en/view/3c5048c0-b284-4ac2-b9c7-64fde36175cf,,"cco +> ?""climate change office"";"
Maybe,mbta,migratory bird treaty act,only seen inside longer searches,1 - Best picks,No,Yes,No,2026-04-14,25,,No,,,,,"mbta +> ?""migratory bird treaty act"";"
Maybe,czma,coastal zone management act,"only the long name was searched, not the acronym",1 - Best picks,No,No,Yes,2024-07-19,25,,No,,,,,"czma +> ?""coastal zone management act"";"
Maybe,nmeee,national mission enhanced energy efficiency,"only the long name was searched, not the acronym",1 - Best picks,No,No,Yes,2025-09-24,25,,No,,,,,"nmeee +> ?""national mission enhanced energy efficiency"";"
Maybe,rie,regional implementing entity,only seen inside longer searches,1 - Best picks,No,Yes,No,2025-09-21,24,,Yes,regional implementing entity,Matches,https://unterm.un.org/unterm2/en/view/7a6e947e-e910-4604-a8d1-5bf712ec39b1,"The dictionary also has ""rie"" - check it is not a word people type.","rie +> ?""regional implementing entity"";"
Maybe,pat,perform achieve trade,only seen inside longer searches,1 - Best picks,No,Yes,Yes,2024-11-24,24,2,Yes,Auxiliary Transitory Police,Ambiguous,https://unterm.un.org/unterm2/en/view/aa45922f-f892-46ac-9b33-b7a583e56a95,"The dictionary also has ""pat"" - check it is not a word people type.","pat +> ?""perform achieve trade"";"
Maybe,cer,clean energy regulator,only seen inside longer searches,1 - Best picks,No,Yes,Yes,2025-10-24,24,1,Yes,,no expansion given,https://unterm.un.org/unterm2/en/view/4e740268-339c-4ba5-adcc-f36238be76cd,,"cer +> ?""clean energy regulator"";"
Maybe,pic,prior informed consent,"only the long name was searched, not the acronym",1 - Best picks,No,No,Yes,2025-02-26,24,,Yes,Pacific Islands Centre,Ambiguous,https://unterm.un.org/unterm2/en/view/ddedd986-fcc0-4137-a8d4-03f0383c71ad,"The dictionary also has ""pic"" - check it is not a word people type.","pic +> ?""prior informed consent"";"
Maybe,cpcb,central pollution control board,only seen inside longer searches,1 - Best picks,No,Yes,No,2026-03-26,24,,No,,,,,"cpcb +> ?""central pollution control board"";"
Maybe,ncsd,national council sustainable development,"only the long name was searched, not the acronym",1 - Best picks,No,No,Yes,2025-04-15,24,,Yes,National Council for Sustainable Development,Matches,https://unterm.un.org/unterm2/en/view/b26006ce-3e41-4219-87f4-e116b27bb94a,,"ncsd +> ?""national council sustainable development"";"
Maybe,aps,announced pledges scenario,only seen inside longer searches,1 - Best picks,No,Yes,No,2026-04-16,23,,Yes,aircraft prepared for service,Ambiguous,https://unterm.un.org/unterm2/en/view/c414041c-c9da-458f-9805-674a22ff3039,,"aps +> ?""announced pledges scenario"";"
Maybe,elaw,environmental law alliance worldwide,only seen inside longer searches,1 - Best picks,No,Yes,No,2025-10-25,23,,No,,,,,"elaw +> ?""environmental law alliance worldwide"";"
Maybe,sne,single national entity,only seen inside longer searches,1 - Best picks,No,Yes,No,2025-03-30,23,,No,,,,,"sne +> ?""single national entity"";"
Maybe,din,dissolved inorganic nitrogen,only seen inside longer searches,1 - Best picks,No,Yes,No,2025-10-15,23,,Yes,,no expansion given,https://unterm.un.org/unterm2/en/view/7147fc2b-ac52-4077-a38b-b32b07fb226f,"The dictionary also has ""din"" - check it is not a word people type.","din +> ?""dissolved inorganic nitrogen"";"
Maybe,eeas,european external action service,only seen inside longer searches,1 - Best picks,No,Yes,No,2024-11-16,23,,Yes,European External Action Service,Matches,https://unterm.un.org/unterm2/en/view/100edef3-39ee-44c7-847a-e82370b866ee,,"eeas +> ?""european external action service"";"
Maybe,brcrn,building resilient churia region nepal,only seen inside longer searches,1 - Best picks,No,Yes,Yes,2025-02-25,23,9,No,,,,,"brcrn +> ?""building resilient churia region nepal"";"
Maybe,tea,thailand energy academy,weak - the acronym is also a normal word,1 - Best picks,No,Yes,No,2025-09-09,23,,Yes,,no expansion given,https://unterm.un.org/unterm2/en/view/95141ac5-4ed6-4fe1-9b51-aac116a6565f,Also an everyday English word.,"tea +> ?""thailand energy academy"";"
Maybe,nmvoc,non methane volatile organic compounds,"only the long name was searched, not the acronym",1 - Best picks,No,No,Yes,2025-05-14,23,,Yes,non-methane volatile organic compound,Ambiguous,https://unterm.un.org/unterm2/en/view/f1db789c-6223-4863-b00f-5a09a1633727,,"nmvoc +> ?""non methane volatile organic compounds"";"
Maybe,nccsc,national climate change steering committee,"only the long name was searched, not the acronym",1 - Best picks,No,No,Yes,2024-08-05,22,,No,,,,,"nccsc +> ?""national climate change steering committee"";"
Maybe,anpdf,afghanistan national peace development framework,only seen inside longer searches,1 - Best picks,No,Yes,Yes,2024-07-22,22,2,No,,,,,"anpdf +> ?""afghanistan national peace development framework"";"
Maybe,nrm,natural resource management,"only the long name was searched, not the acronym",1 - Best picks,No,No,Yes,2025-07-21,22,,Yes,NAVTEX receiver mask,Ambiguous,https://unterm.un.org/unterm2/en/view/e26cb951-e8aa-4cfc-977a-044c494aa35a,,"nrm +> ?""natural resource management"";"
Maybe,ntf,national task force,"only the long name was searched, not the acronym",1 - Best picks,No,No,Yes,2024-03-21,22,,Yes,,no expansion given,https://unterm.un.org/unterm2/en/view/e42fb96e-b9a5-4178-a66e-eb363f4c4000,,"ntf +> ?""national task force"";"
Maybe,araf,acumen resilient agriculture fund,only seen inside longer searches,1 - Best picks,No,Yes,Yes,2025-06-24,22,9,No,,,,,"araf +> ?""acumen resilient agriculture fund"";"
Maybe,card,consolidated admissions reporting directive,only seen inside longer searches,1 - Best picks,No,Yes,No,2025-03-19,22,,Yes,Coalition for African Rice Development,Ambiguous,https://unterm.un.org/unterm2/en/view/d82fb269-eeb3-498c-81c1-7eff77ba1ecc,"The dictionary also has ""card"" - check it is not a word people type.","card +> ?""consolidated admissions reporting directive"";"
Maybe,nsf,national science foundation,only seen inside longer searches,1 - Best picks,No,Yes,Yes,2025-07-07,22,,Yes,National Solidarity Fund,Ambiguous,https://unterm.un.org/unterm2/en/view/06c2584e-f75e-46c3-b50a-2fa2f6b60b59,,"nsf +> ?""national science foundation"";"
Maybe,shs,solar home systems,"only the long name was searched, not the acronym",1 - Best picks,No,No,Yes,2025-02-09,22,2,Yes,solar home system,Ambiguous,https://unterm.un.org/unterm2/en/view/e59ba17a-515f-4acb-90a5-cd2f47877f66,,"shs +> ?""solar home systems"";"
Maybe,psd,prevention significant deterioration,only seen inside longer searches,1 - Best picks,No,Yes,Yes,2026-02-10,22,,Yes,Private Sector Division,Ambiguous,https://unterm.un.org/unterm2/en/view/3f1e5e69-bc08-4cbb-9a97-a694cf3a01dc,,"psd +> ?""prevention significant deterioration"";"
Maybe,ohs,occupational health safety,"only the long name was searched, not the acronym",1 - Best picks,No,No,Yes,2025-12-12,22,,Yes,,no expansion given,https://unterm.un.org/unterm2/en/view/eee2bbca-c5f9-4dac-9b97-440d9887f5ec,,"ohs +> ?""occupational health safety"";"
Maybe,rei,renewable energy integration,only seen inside longer searches,1 - Best picks,No,Yes,Yes,2025-03-07,22,,No,,,,,"rei +> ?""renewable energy integration"";"
Maybe,nmsa,national mission sustainable agriculture,only seen inside longer searches,1 - Best picks,No,Yes,Yes,2024-08-09,21,,Yes,,no expansion given,https://unterm.un.org/unterm2/en/view/d513cc2f-d6a3-4896-aaa4-af9832f15000,,"nmsa +> ?""national mission sustainable agriculture"";"
Maybe,mct,micronesia conservation trust,only seen inside longer searches,1 - Best picks,No,Yes,No,2024-02-07,21,,Yes,mine-clearance training,Ambiguous,https://unterm.un.org/unterm2/en/view/32c171fe-5e53-46ac-a29e-c8c4a235be11,,"mct +> ?""micronesia conservation trust"";"
Maybe,mrd,ministry rural development,"only the long name was searched, not the acronym",1 - Best picks,No,No,Yes,2026-03-16,21,,Yes,Mouvement démocratique républicain,Ambiguous,https://unterm.un.org/unterm2/en/view/8a5965ef-d610-493f-b354-1908ec1930fd,,"mrd +> ?""ministry rural development"";"
Maybe,ncco,national climate change office,"only the long name was searched, not the acronym",1 - Best picks,No,No,Yes,2024-08-03,21,,No,,,,,"ncco +> ?""national climate change office"";"
Maybe,crva,climate risk vulnerability assessment,"only the long name was searched, not the acronym",1 - Best picks,No,No,Yes,2025-09-09,21,,No,,,,,"crva +> ?""climate risk vulnerability assessment"";"
Maybe,ecbc,energy conservation building code,only seen inside longer searches,1 - Best picks,No,Yes,Yes,2026-08-03,21,,No,,,,,"ecbc +> ?""energy conservation building code"";"
Maybe,gbff,global biodiversity framework fund,only seen inside longer searches,1 - Best picks,No,Yes,No,2024-10-31,21,,No,,,,,"gbff +> ?""global biodiversity framework fund"";"
Maybe,gbv,gender based violence,"only the long name was searched, not the acronym",1 - Best picks,No,No,Yes,2025-03-20,21,,No,,,,,"gbv +> ?""gender based violence"";"
Maybe,enrm,environment natural resources management,"only the long name was searched, not the acronym",1 - Best picks,No,No,Yes,2024-07-28,21,,Yes,Environment and Natural Resource Management,Ambiguous,https://unterm.un.org/unterm2/en/view/2a86e233-e5fd-4a4f-89dd-d98aba5ac0d0,,"enrm +> ?""environment natural resources management"";"
Maybe,hev,hybrid electric vehicles,only seen inside longer searches,1 - Best picks,No,Yes,Yes,2025-04-16,21,,Yes,hybrid electric vehicle,Ambiguous,https://unterm.un.org/unterm2/en/view/ea471183-f740-4013-9d82-43e8a272cebb,,"hev +> ?""hybrid electric vehicles"";"
Maybe,dhw,domestic hot water,"only the long name was searched, not the acronym",1 - Best picks,No,No,Yes,2024-11-17,20,,No,,,,,"dhw +> ?""domestic hot water"";"
Maybe,nab,national advisory board,only seen inside longer searches,1 - Best picks,No,Yes,Yes,2025-10-16,20,,Yes,National Broadcasters' Association,Ambiguous,https://unterm.un.org/unterm2/en/view/8b5f9ff0-f840-4726-b34e-0efd5cd7fb21,"The dictionary also has ""nab"" - check it is not a word people type.","nab +> ?""national advisory board"";"
Maybe,eap,economically active population,only seen inside longer searches,1 - Best picks,No,Yes,No,2025-10-08,20,,Yes,Environment and Atmosphere Programme,Ambiguous,https://unterm.un.org/unterm2/en/view/dc26ac34-22fc-4d66-92cc-077cc091c3ee,,"eap +> ?""economically active population"";"
Maybe,unccd,united nations convention combat desertification,"users type it, but see the warning column",2 - Clash or unclear,Yes,Yes,Yes,2023-09-29,5247,,Yes,"United Nations Convention to Combat Desertification in Those Countries Experiencing Serious Drought and/or Desertification, Particularly in Africa",Close,https://unterm.un.org/unterm2/en/view/d530f34e-19aa-4c75-8130-4c68d5ccf784,competing: united nations convention combat desertification (5223); united nations framework convention combat desertification (24),"unccd +> ?""united nations convention combat desertification"";"
Maybe,ipcc,intergovernmental panel climate change,"users type it, but see the warning column",2 - Clash or unclear,Yes,Yes,Yes,2023-10-27,3894,,Yes,Intergovernmental Panel on Climate Change,Matches,https://unterm.un.org/unterm2/en/view/7fb4ae0a-5c25-4ca8-9cdd-c05a584fa04b,competing: intergovernmental panel climate change (3863); inter governmental panel climate change (31),"ipcc +> ?""intergovernmental panel climate change"";"
Maybe,gef,global environment facility,"users type it, but see the warning column",2 - Clash or unclear,Yes,Yes,Yes,2023-11-30,3593,,Yes,Global Environment Facility,Matches,https://unterm.un.org/unterm2/en/view/b7bcb719-bd38-452d-8c60-7103d37bb984,competing: global environment facility (3412); global environmental facility (148); global environment fund (33),"gef +> ?""global environment facility"";"
Maybe,nid,national inventory document,"users type it, but see the warning column",2 - Clash or unclear,Yes,Yes,Yes,2024-09-23,2631,221,Yes,,no expansion given,https://unterm.un.org/unterm2/en/view/5a2fbdc8-9802-49a6-bff7-ed5ecb1e7469,"The dictionary also has ""nid"" - check it is not a word people type. competing: national inventory document (2551); national inventor document (80)","nid +> ?""national inventory document"";"
Maybe,nir,national inventory report,"users type it, but see the warning column",2 - Clash or unclear,Yes,Yes,Yes,2023-10-05,2542,645,Yes,near-infrared spectrum,Ambiguous,https://unterm.un.org/unterm2/en/view/b453fb69-8925-423d-b26f-c3579edc775b,competing: national inventory report (2503); national inventory reports (39),"nir +> ?""national inventory report"";"
Maybe,ndc,nationally determined contribution,"users type it, but see the warning column",2 - Clash or unclear,Yes,Yes,Yes,2023-09-18,2476,26,Yes,National Defence Commission,Ambiguous,https://unterm.un.org/unterm2/en/view/c34f4592-7e78-459b-b8c8-6bfa8f047603,already a rule in passages.sr,"ndc +> ?""nationally determined contribution"";"
Maybe,undp,united nations development programme,"users type it, but see the warning column",2 - Clash or unclear,Yes,Yes,No,2024-01-30,2221,2,Yes,United Nations Development Programme,Matches,https://unterm.un.org/unterm2/en/view/fa6e6eac-90d4-4eb3-8791-20fee46bf38d,competing: united nations development programme (1696); united nations development program (479); united nation development programme (46),"undp +> ?""united nations development programme"";"
Maybe,gcf,green climate fund,"users type it, but see the warning column",2 - Clash or unclear,Yes,Yes,Yes,2023-11-03,1934,,Yes,Global Conservation Fund,Ambiguous,https://unterm.un.org/unterm2/en/view/de4d12d7-5f93-4b05-9605-337499ee0d85,competing: green climate fund (1794); green climate fund s (140),"gcf +> ?""green climate fund"";"
Maybe,epa,environmental protection agency,"users type it, but see the warning column",2 - Clash or unclear,Yes,Yes,Yes,2024-02-22,1929,,Yes,Egyptian Publishers Association,Ambiguous,https://unterm.un.org/unterm2/en/view/f937907d-ff65-401c-a765-b03d23c8fa39,competing: environmental protection agency (1838); environmental protection agency s (32); environmental protection authority (30),"epa +> ?""environmental protection agency"";"
Maybe,fao,food agriculture organization,"users type it, but see the warning column",2 - Clash or unclear,Yes,Yes,Yes,2024-02-21,1826,4,Yes,Food and Agriculture Organization of the United Nations,Close,https://unterm.un.org/unterm2/en/view/ce48288c-581b-4c82-80c9-2077cf868e9f,competing: food agriculture organization (1552); food agriculture organisation (197); food agricultural organization (45),"fao +> ?""food agriculture organization"";"
Maybe,nap,national adaptation plan,"users type it, but it is also the everyday word ""nap""",2 - Clash or unclear,Yes,Yes,Yes,2023-09-19,1735,22,Yes,national AIDS programme,Ambiguous,https://unterm.un.org/unterm2/en/view/e9895338-3bea-4f13-840b-89cd86421749,Also an everyday English word. competing: national adaptation plan (1424); national climate change adaptation plan (113); national action plan (90),"nap +> ?""national adaptation plan"";"
Maybe,lpg,liquefied petroleum gas,"users type it, but see the warning column",2 - Clash or unclear,Yes,Yes,Yes,2024-08-21,1347,,Yes,liquefied petroleum gases,Ambiguous,https://unterm.un.org/unterm2/en/view/5cc1bc46-5c38-4762-9b87-4ac86fc7887a,competing: liquefied petroleum gas (611); liquefied petroleum gases (482); liquid petroleum gas (182),"lpg +> ?""liquefied petroleum gas"";"
Maybe,unep,united nations environment programme,"users type it, but see the warning column",2 - Clash or unclear,Yes,Yes,Yes,2025-05-13,1295,2,Yes,United Nations Environment Programme,Matches,https://unterm.un.org/unterm2/en/view/31d307cf-7bda-47b7-861f-463fdfaff599,competing: united nations environment programme (1139); united nations environment program (156),"unep +> ?""united nations environment programme"";"
Maybe,eia,energy information administration,"users type it, but see the warning column",2 - Clash or unclear,Yes,Yes,No,2023-11-28,1178,1,Yes,environmental impact assessment,Ambiguous,https://unterm.un.org/unterm2/en/view/5ef7e648-d695-4ca5-9919-bb4d95133739,competing: energy information administration (670); environmental impact assessment (460); environmental impact assessments (26),"eia +> ?""energy information administration"";"
Maybe,nbsap,national biodiversity strategy action plan,"users type it, but see the warning column",2 - Clash or unclear,Yes,Yes,Yes,2023-09-14,1129,10,Yes,national biodiversity strategy and action plan,Matches,https://unterm.un.org/unterm2/en/view/56a2a208-4633-47d1-ba40-1b2d118ab590,competing: national biodiversity strategy action plan (1063); national biodiversity strategies action plan (66),"nbsap +> ?""national biodiversity strategy action plan"";"
Maybe,sids,small island developing states,"users type it, but see the warning column",2 - Clash or unclear,Yes,Yes,Yes,2024-04-24,681,6,Yes,,no expansion given,https://unterm.un.org/unterm2/en/view/202a9bfb-5953-4ea6-9040-9e4a225a1d77,"The dictionary also has ""sid"" - check it is not a word people type. political grouping in ISO data","sids +> ?""small island developing states"";"
Maybe,napa,national adaptation programme action,"users type it, but see the warning column",2 - Clash or unclear,Yes,Yes,Yes,2023-09-28,675,46,Yes,national adaptation programme of action,Matches,https://unterm.un.org/unterm2/en/view/ef401675-051d-4731-a441-7338980035ec,"The dictionary also has ""napa"" - check it is not a word people type. competing: national adaptation programme action (463); national action plan adaptation (60); national adaptation plan action (57)","napa +> ?""national adaptation programme action"";"
Maybe,idb,inter american development bank,"users type it, but see the warning column",2 - Clash or unclear,Yes,No,Yes,2025-06-30,609,,Yes,,no expansion given,https://unterm.un.org/unterm2/en/view/d0e3f3a4-dca0-46cf-88ff-17b297a6db48,competing: inter american development bank (576); inter american developme nt bank (33),"idb +> ?""inter american development bank"";"
Maybe,wmo,world meteorological organization,"users type it, but see the warning column",2 - Clash or unclear,Yes,Yes,Yes,2024-11-21,609,,Yes,World Meteorological Organization,Matches,https://unterm.un.org/unterm2/en/view/8fbbe17f-3af1-423a-938e-90376bf8644a,competing: world meteorological organization (553); world meteorological organisation (56),"wmo +> ?""world meteorological organization"";"
Maybe,adb,asian development bank,"users type it, but see the warning column",2 - Clash or unclear,Yes,Yes,Yes,2024-11-20,581,,Yes,,no expansion given,https://unterm.un.org/unterm2/en/view/7932562c-6814-454a-a469-d7464abedf37,competing: asian development bank (558); african development bank (23),"adb +> ?""asian development bank"";"
Maybe,bur,biennial update report,"users type it, but see the warning column",2 - Clash or unclear,Yes,Yes,Yes,2024-01-10,573,83,Yes,biennial update report,Matches,https://unterm.un.org/unterm2/en/view/5ea2b056-e7bf-4b80-b7f3-943e5eeb58d7,"The dictionary also has ""bur"" - check it is not a word people type. competing: biennial update report (493); biennial update reports (80)","bur +> ?""biennial update report"";"
Maybe,sdg,sustainable development goal,"users type it, but see the warning column",2 - Clash or unclear,Yes,Yes,Yes,2023-10-21,565,3,Yes,Services attached to the Directorate,Ambiguous,https://unterm.un.org/unterm2/en/view/163c5d7d-3fdb-4ce8-b7d8-8bab9257f283,competing: sustainable development goal (466); sustainable development goals (99),"sdg +> ?""sustainable development goal"";"
Maybe,ccs,carbon capture storage,"users type it, but see the warning column",2 - Clash or unclear,Yes,Yes,Yes,2023-09-18,562,7,Yes,Cargo Community System,Ambiguous,https://unterm.un.org/unterm2/en/view/b970c8e3-d36a-4925-b8c1-6a9e4fc1238c,competing: carbon capture storage (541); carbon dioxide capture storage (21),"ccs +> ?""carbon capture storage"";"
Maybe,btr,biennial transparency report,"users type it, but see the warning column",2 - Clash or unclear,Yes,Yes,Yes,2024-02-27,515,45,No,,,,competing: biennial transparency report (434); biennial transparency reports (81),"btr +> ?""biennial transparency report"";"
Maybe,lng,liquefied natural gas,"users type it, but see the warning column",2 - Clash or unclear,Yes,Yes,Yes,2025-03-05,399,,Yes,,no expansion given,https://unterm.un.org/unterm2/en/view/ee5300a2-768d-4129-a45c-89553300e873,competing: liquefied natural gas (353); liquified natural gas (46),"lng +> ?""liquefied natural gas"";"
Maybe,oecd,organisation economic co operation development,"users type it, but see the warning column",2 - Clash or unclear,Yes,Yes,No,2023-10-12,366,,Yes,Organisation for Economic Co-operation and Development,Matches,https://unterm.un.org/unterm2/en/view/10545bc6-77b8-4a33-a136-4a9646421711,political grouping in ISO data,"oecd +> ?""organisation economic co operation development"";"
Maybe,drr,disaster risk reduction,"users type it, but see the warning column",2 - Clash or unclear,Yes,Yes,Yes,2023-09-07,364,4,Yes,disaster risk reduction,Matches,https://unterm.un.org/unterm2/en/view/f2e31fc9-1966-4150-971c-50118dd6843c,competing: disaster risk reduction (319); deputy resident representative (45),"drr +> ?""disaster risk reduction"";"
Maybe,dac,development assistance committee,"users type it, but see the warning column",2 - Clash or unclear,Yes,No,No,2023-12-05,353,,Yes,,no expansion given,https://unterm.un.org/unterm2/en/view/1f9495c3-baf8-4dfa-bc6c-5a38bafd3520,competing: development assistance committee (324); direct air capture (29),"dac +> ?""development assistance committee"";"
Maybe,nepa,national environmental policy act,"users type it, but see the warning column",2 - Clash or unclear,Yes,Yes,Yes,2023-10-22,345,,Yes,,no expansion given,https://unterm.un.org/unterm2/en/view/9cb3d522-3b03-406b-9e7a-074b1accc21e,"The dictionary also has ""nepa"" - check it is not a word people type. competing: national environmental policy act (296); national environmental protection agency (49)","nepa +> ?""national environmental policy act"";"
Maybe,cra,congressional review act,"users type it, but see the warning column",2 - Clash or unclear,Yes,Yes,Yes,2025-10-03,342,,Yes,Chief Resident Auditor,Ambiguous,https://unterm.un.org/unterm2/en/view/1e710918-c1c0-47cc-9e7e-9ccf878a4d45,competing: congressional review act (289); climate resilient agriculture (28); climate resilient agricultural (25),"cra +> ?""congressional review act"";"
Maybe,car,cordillera administrative region,"users type it, but it is also the everyday word ""car""",2 - Clash or unclear,Yes,Yes,No,2023-11-08,322,4,Yes,Division for the Caribbean,Ambiguous,https://unterm.un.org/unterm2/en/view/ab161c23-2654-4f5c-b031-c3c8f33c18e0,Also an everyday English word. competing: cordillera administrative region (201); central african republic (121),"car +> ?""cordillera administrative region"";"
Maybe,tcfd,task force climate related financial disclosures,"users type it, but see the warning column",2 - Clash or unclear,Yes,Yes,Yes,2023-09-28,300,,Yes,Task Force on Climate-related Financial Disclosures,Matches,https://unterm.un.org/unterm2/en/view/6e5b7444-0e89-46f9-aba7-10fb988a336c,already a rule in documents.sr,"tcfd +> ?""task force climate related financial disclosures"";"
Maybe,jica,japan international cooperation agency,"users type it, but see the warning column",2 - Clash or unclear,Yes,No,Yes,2024-06-04,299,,Yes,Japan International Cooperation Agency,Matches,https://unterm.un.org/unterm2/en/view/0b0bf924-c79e-4a36-a6c7-755841f6ee6a,competing: japan international cooperation agency (270); japanese international cooperation agency (29),"jica +> ?""japan international cooperation agency"";"
Maybe,wfp,world food programme,"users type it, but see the warning column",2 - Clash or unclear,Yes,Yes,Yes,2024-12-06,269,2,Yes,World Food Programme,Matches,https://unterm.un.org/unterm2/en/view/b207b011-54bd-4543-8627-410ec72c67c4,competing: world food programme (243); world food program (26),"wfp +> ?""world food programme"";"
Maybe,ict,information communication technology,"users type it, but see the warning column",2 - Clash or unclear,Yes,Yes,No,2024-03-08,269,,Yes,intermediate charcoal trap,Ambiguous,https://unterm.un.org/unterm2/en/view/e09c4691-567a-4140-864b-136ca5f50d84,competing: information communication technology (142); information communications technology (72); information communication technologies (55),"ict +> ?""information communication technology"";"
Maybe,cms,conservation migratory species,"users type it, but see the warning column",2 - Clash or unclear,Yes,Yes,No,2026-04-02,263,,Yes,,no expansion given,https://unterm.un.org/unterm2/en/view/67fdc61c-36fe-469d-a22c-2714ded9a03f,competing: conservation migratory species (219); convention migratory species (44),"cms +> ?""conservation migratory species"";"
Maybe,gggi,global green growth institute,"users type it, but see the warning column",2 - Clash or unclear,Yes,Yes,No,2025-05-06,260,,Yes,Global Green Growth Institute,Matches,https://unterm.un.org/unterm2/en/view/0cede0f1-04db-4e46-a68a-5979f4575951,competing: global green growth institute (207); global gender gap index (53),"gggi +> ?""global green growth institute"";"
Maybe,pes,payment ecosystem services,"users type it, but see the warning column",2 - Clash or unclear,Yes,Yes,Yes,2023-11-21,248,,Yes,,no expansion given,https://unterm.un.org/unterm2/en/view/18cdd434-2445-4e14-8155-28d4ea6676ab,"The dictionary also has ""pes"" - check it is not a word people type. competing: payment ecosystem services (125); payments ecosystem services (49); payment environmental services (45)","pes +> ?""payment ecosystem services"";"
Maybe,nccc,national climate change committee,"users type it, but see the warning column",2 - Clash or unclear,Yes,Yes,Yes,2023-11-05,236,2,Yes,,no expansion given,https://unterm.un.org/unterm2/en/view/142a45dc-e94f-4110-8ea9-faa8dac4af60,competing: national climate change committee (214); national committee climate change (22),"nccc +> ?""national climate change committee"";"
Maybe,wwf,world wildlife fund,"users type it, but see the warning column",2 - Clash or unclear,Yes,Yes,No,2025-04-09,232,,Yes,,no expansion given,https://unterm.un.org/unterm2/en/view/34911322-aea9-4c56-a0ca-cc3391cec91e,competing: world wildlife fund (152); world wide fund (80),"wwf +> ?""world wildlife fund"";"
Maybe,faa,funded activity agreement,"users type it, but see the warning column",2 - Clash or unclear,Yes,Yes,No,2026-01-12,229,,Yes,forward assembly area,Ambiguous,https://unterm.un.org/unterm2/en/view/176ab1bd-dcb9-4af8-a4da-6c59c9a47728,competing: funded activity agreement (165); federal aviation administration (64),"faa +> ?""funded activity agreement"";"
Maybe,imo,international maritime organization,"users type it, but see the warning column",2 - Clash or unclear,Yes,Yes,Yes,2024-10-22,226,,Yes,,no expansion given,https://unterm.un.org/unterm2/en/view/3e68cc7e-8965-4ced-a5e6-3d38277c6824,competing: international maritime organization (183); international maritime organisation (43),"imo +> ?""international maritime organization"";"
Maybe,ipp,indigenous peoples plan,"users type it, but see the warning column",2 - Clash or unclear,Yes,Yes,No,2025-08-13,220,,Yes,intellectual property product,Ambiguous,https://unterm.un.org/unterm2/en/view/94db4873-d593-4e71-b5ed-f9f624eed7a7,competing: indigenous peoples plan (169); infrastructure production plan (31); independent power producer (20),"ipp +> ?""indigenous peoples plan"";"
Maybe,saf,sustainable aviation fuel,"users type it, but see the warning column",2 - Clash or unclear,Yes,Yes,Yes,2024-01-05,213,3,Yes,Space Agency Forum,Ambiguous,https://unterm.un.org/unterm2/en/view/a62914cc-19ba-4d75-8205-f0e516c1d5c8,competing: sustainable aviation fuel (162); sustainable aviation fuels (51),"saf +> ?""sustainable aviation fuel"";"
Maybe,ppcr,pilot program climate resilience,"users type it, but see the warning column",2 - Clash or unclear,Yes,No,Yes,2024-11-24,195,,Yes,Pilot Programme for Climate Resilience,Ambiguous,https://unterm.un.org/unterm2/en/view/9000055b-786f-4833-a8af-2f1771e7a8d3,competing: pilot program climate resilience (162); pilot programme climate resilience (33),"ppcr +> ?""pilot program climate resilience"";"
Maybe,ctf,clean technology fund,"users type it, but see the warning column",2 - Clash or unclear,Yes,Yes,No,2025-10-03,180,,Yes,Coating Technical File,Ambiguous,https://unterm.un.org/unterm2/en/view/3bc37edf-df84-4811-b529-ec9a85d0c5b9,competing: clean technology fund (100); common tabular format (80),"ctf +> ?""clean technology fund"";"
Maybe,ews,early warning systems,"users type it, but see the warning column",2 - Clash or unclear,Yes,Yes,Yes,2023-11-13,175,,Yes,early warning system,Ambiguous,https://unterm.un.org/unterm2/en/view/05ea0848-699a-470b-bc0f-1af7bedff30c,competing: early warning systems (119); early warning system (56),"ews +> ?""early warning systems"";"
Maybe,esa,endangered species act,"users type it, but see the warning column",2 - Clash or unclear,Yes,Yes,Yes,2024-02-21,173,4,Yes,European Seed Association,Ambiguous,https://unterm.un.org/unterm2/en/view/7e0e1c84-cb12-44e5-94e0-2bc53be761ce,competing: endangered species act (140); european space agency (33),"esa +> ?""endangered species act"";"
Maybe,nccs,national climate change strategy,"users type it, but see the warning column",2 - Clash or unclear,Yes,Yes,Yes,2023-09-19,173,4,No,,,,competing: national climate change strategy (149); national climate change secretariat (24),"nccs +> ?""national climate change strategy"";"
Maybe,nbs,national biodiversity strategy,"users type it, but see the warning column",2 - Clash or unclear,Yes,Yes,Yes,2023-09-14,171,,Yes,nature-based solutions,Ambiguous,https://unterm.un.org/unterm2/en/view/cb4e9c8f-f1ca-4f8e-bd9d-84444d92ba06,competing: national biodiversity strategy (130); national bureau statistics (41),"nbs +> ?""national biodiversity strategy"";"
Maybe,ets,emissions trading system,"users type it, but see the warning column",2 - Clash or unclear,Yes,Yes,Yes,2023-09-28,169,,Yes,,no expansion given,https://unterm.un.org/unterm2/en/view/09c7f8e2-d448-4f6d-a29c-1e4ce1f0ae29,competing: emissions trading system (147); emissions trading scheme (22),"ets +> ?""emissions trading system"";"
Maybe,gis,geographic information systems,"users type it, but see the warning column",2 - Clash or unclear,Yes,Yes,No,2023-09-26,157,3,Yes,geographical information system,Ambiguous,https://unterm.un.org/unterm2/en/view/dcc36701-fc01-4a64-82b8-d342519721fa,competing: geographic information systems (92); geographic information system (65),"gis +> ?""geographic information systems"";"
Maybe,crt,common reporting tables,"users type it, but see the warning column",2 - Clash or unclear,Yes,Yes,Yes,2025-07-31,147,134,Yes,,no expansion given,https://unterm.un.org/unterm2/en/view/c71c3e64-624a-48dc-b535-fb10cb4ed1a7,competing: common reporting tables (87); common reporting table (60),"crt +> ?""common reporting tables"";"
Maybe,ira,inflation reduction act,"users type it, but see the warning column",2 - Clash or unclear,Yes,Yes,Yes,2023-09-18,145,,Yes,Immediate Response Account,Ambiguous,https://unterm.un.org/unterm2/en/view/6bd36b45-b186-4dc4-8809-d27e0cfd3891,"The dictionary also has ""ira"" - check it is not a word people type. already a rule in documents.sr","ira +> ?""inflation reduction act"";"
Maybe,cod,chemical oxygen demand,"users type it, but it is also the everyday word ""cod""",2 - Clash or unclear,Yes,Yes,No,2025-09-05,143,,Yes,,no expansion given,https://unterm.un.org/unterm2/en/view/5dd3add9-d83e-4638-ae8f-0f49ddf3a356,Also an everyday English word. ISO code for Democratic Republic of Congo,"cod +> ?""chemical oxygen demand"";"
Maybe,maf,ministry agriculture fisheries,"users type it, but see the warning column",2 - Clash or unclear,Yes,Yes,Yes,2025-04-15,140,,Yes,Management and Accountability Framework,Ambiguous,https://unterm.un.org/unterm2/en/view/43d4432b-635f-46f0-93ad-8734d6ed2a6a,competing: ministry agriculture fisheries (108); ministry agriculture forestry (32),"maf +> ?""ministry agriculture fisheries"";"
Maybe,edf,environmental defense fund,"users type it, but see the warning column",2 - Clash or unclear,Yes,Yes,Yes,2025-05-13,137,,Yes,Eritrean Defence Forces,Ambiguous,https://unterm.un.org/unterm2/en/view/464f2d77-2661-4b55-8f5b-e0be07a26f2c,competing: environmental defense fund (96); european development fund (41),"edf +> ?""environmental defense fund"";"
Maybe,esd,effort sharing decision,"users type it, but see the warning column",2 - Clash or unclear,Yes,Yes,Yes,2024-07-25,134,,Yes,Electronic Services Division,Ambiguous,https://unterm.un.org/unterm2/en/view/349adeb4-0797-48dc-be66-f83e349e1d6a,competing: effort sharing decision (104); education sustainable development (30),"esd +> ?""effort sharing decision"";"
Maybe,csa,climate smart agriculture,"users type it, but see the warning column",2 - Clash or unclear,Yes,Yes,Yes,2023-09-19,128,3,Yes,comprehensive safeguards agreement,Ambiguous,https://unterm.un.org/unterm2/en/view/b802798c-39c5-4b46-8d2f-9313696ec79a,competing: climate smart agriculture (79); central statistical agency (28); corporate sustainability assessment (21),"csa +> ?""climate smart agriculture"";"
Maybe,smr,statutory management requirements,"users type it, but see the warning column",2 - Clash or unclear,Yes,No,No,2026-06-08,125,,Yes,Sub-Millimetre Radiometer,Ambiguous,https://unterm.un.org/unterm2/en/view/d84d8e0b-32e3-44e2-b044-9e543f95217e,ISO code for San Marino,"smr +> ?""statutory management requirements"";"
Maybe,res,renewable energy sources,"users type it, but see the warning column",2 - Clash or unclear,Yes,Yes,Yes,2023-09-19,124,,Yes,,no expansion given,https://unterm.un.org/unterm2/en/view/2584ef62-0ef9-4b5c-aec6-6d8e523881b2,competing: renewable energy sources (103); regional evaluation specialist (21),"res +> ?""renewable energy sources"";"
Maybe,iwrm,integrated water resources management,"users type it, but see the warning column",2 - Clash or unclear,Yes,No,Yes,2024-07-23,112,,Yes,Institute of Water Resource Management,Ambiguous,https://unterm.un.org/unterm2/en/view/9d267bd4-79fb-4d8b-96de-c98491ed3198,competing: integrated water resources management (86); integrated water resource management (26),"iwrm +> ?""integrated water resources management"";"
Maybe,fip,forest investment program,"users type it, but see the warning column",2 - Clash or unclear,Yes,Yes,No,2024-10-21,107,,Yes,Forest Investment Programme,Ambiguous,https://unterm.un.org/unterm2/en/view/5f421b0a-99f3-4f7b-88d0-dd804b125d93,"The dictionary also has ""fip"" - check it is not a word people type. competing: forest investment program (73); federal implementation plan (34)","fip +> ?""forest investment program"";"
Maybe,leds,low emissions development strategy,"users type it, but see the warning column",2 - Clash or unclear,Yes,Yes,Yes,2024-02-07,103,2,Yes,,no expansion given,https://unterm.un.org/unterm2/en/view/cfd2d201-5d5a-4c05-8b34-dc80f2048614,"The dictionary also has ""led"" - check it is not a word people type. competing: low emissions development strategy (61); low emission development strategy (42)","leds +> ?""low emissions development strategy"";"
Maybe,oep,office environmental protection,"users type it, but see the warning column",2 - Clash or unclear,Yes,Yes,Yes,2025-01-06,100,,Yes,European Observatory for Plurilingualism,Ambiguous,https://unterm.un.org/unterm2/en/view/dd89b329-7b34-4523-ae32-89339cb82994,competing: office environmental protection (72); office energy projects (28),"oep +> ?""office environmental protection"";"
Maybe,meps,minimum energy performance standards,"users type it, but see the warning column",2 - Clash or unclear,Yes,Yes,Yes,2024-07-26,92,6,Yes,minimum energy performance standards,Matches,https://unterm.un.org/unterm2/en/view/29377ea1-f047-4c52-a79e-0489725a0e23,competing: minimum energy performance standards (65); minimum energy performance standard (27),"meps +> ?""minimum energy performance standards"";"
Maybe,serac,social economic rights action center,"users type it, but see the warning column",2 - Clash or unclear,Yes,Yes,Yes,2025-12-14,86,,No,,,,competing: social economic rights action center (44); social economic rights action centre (42),"serac +> ?""social economic rights action center"";"
Maybe,bess,battery energy storage system,"users type it, but see the warning column",2 - Clash or unclear,Yes,No,No,2023-12-22,81,1,No,,,,"The dictionary also has ""bess"" - check it is not a word people type. competing: battery energy storage system (51); battery energy storage systems (30)","bess +> ?""battery energy storage system"";"
Maybe,necp,national energy climate plan,"users type it, but see the warning column",2 - Clash or unclear,Yes,Yes,Yes,2023-09-19,77,106,No,,,,already a rule in documents.sr,"necp +> ?""national energy climate plan"";"
Maybe,ptc,project technical coordinator,"users type it, but see the warning column",2 - Clash or unclear,Yes,Yes,No,2024-04-06,65,,Yes,Pacific Telecommunications Council,Ambiguous,https://unterm.un.org/unterm2/en/view/5e76c3ea-2909-49c5-9446-31947291369b,competing: project technical coordinator (45); project technical committee (20),"ptc +> ?""project technical coordinator"";"
Maybe,rmi,rocky mountain institute,"users type it, but see the warning column",2 - Clash or unclear,Yes,Yes,Yes,2024-03-21,62,,Yes,,no expansion given,https://unterm.un.org/unterm2/en/view/35cb6f13-5317-4309-ab3b-40f68cd07a7b,competing: rocky mountain institute (42); republic marshall islands (20),"rmi +> ?""rocky mountain institute"";"
Maybe,png,papua new guinea,"users type it, but see the warning column",2 - Clash or unclear,Yes,Yes,Yes,2023-09-17,61,,Yes,,no expansion given,https://unterm.un.org/unterm2/en/view/ace5ecee-8e91-4489-87f3-6276e45df593,ISO code for Papua New Guinea,"png +> ?""papua new guinea"";"
Maybe,spcr,strategic programme climate resilience,"users type it, but see the warning column",2 - Clash or unclear,Yes,No,No,2025-05-25,61,,No,,,,competing: strategic programme climate resilience (34); strategic program climate resilience (27),"spcr +> ?""strategic programme climate resilience"";"
Maybe,ems,environmental management system,"users type it, but see the warning column",2 - Clash or unclear,Yes,Yes,Yes,2024-08-07,60,,Yes,electromyostimulation,Ambiguous,https://unterm.un.org/unterm2/en/view/4aec57ce-e206-43f8-b10f-97902c95fca4,competing: environmental management system (36); energy management system (24),"ems +> ?""environmental management system"";"
Maybe,ccc,climate change commission,"users type it, but see the warning column",2 - Clash or unclear,Yes,Yes,Yes,2024-01-19,57,,Yes,Caribbean Conference of Churches,Ambiguous,https://unterm.un.org/unterm2/en/view/d778211d-0cd5-41cd-8575-afa71ccf376e,competing: climate change commission (32); climate change committee (25),"ccc +> ?""climate change commission"";"
Maybe,abs,access benefit sharing,"users type it, but it is also the everyday word ""abs""",2 - Clash or unclear,Yes,Yes,Yes,2024-02-01,52,,Yes,access and benefit-sharing,Matches,https://unterm.un.org/unterm2/en/view/1451bbd3-812c-40e1-aab8-20a7257bf7a5,Also an everyday English word. competing: access benefit sharing (29); access benefit sharing scheme (23),"abs +> ?""access benefit sharing"";"
Maybe,pac,protected areas commission,"users type it, but see the warning column",2 - Clash or unclear,Yes,Yes,No,2025-06-09,50,,Yes,,no expansion given,https://unterm.un.org/unterm2/en/view/f836b66c-09ac-4057-80aa-e4604854df3e,"The dictionary also has ""pac"" - check it is not a word people type. competing: protected areas commission (28); project advisory committee (22)","pac +> ?""protected areas commission"";"
Maybe,ges,government economic service,"users type it, but see the warning column",2 - Clash or unclear,Yes,Yes,No,2024-01-17,50,,Yes,,no expansion given,https://unterm.un.org/unterm2/en/view/015f709f-7bb8-41fb-9b1f-2ab9c1b8cc7f,"The dictionary also has ""ges"" - check it is not a word people type. competing: government economic service (27); good environmental status (23)","ges +> ?""government economic service"";"
Maybe,fca,fiat chrysler automobiles,"users type it, but see the warning column",2 - Clash or unclear,Yes,Yes,No,2023-10-30,48,,Yes,Federal Customs Authority,Ambiguous,https://unterm.un.org/unterm2/en/view/953957fb-a488-4fa7-a3b3-9f43e6375fa5,already a rule in documents.sr,"fca +> ?""fiat chrysler automobiles"";"
Maybe,ccu,climate change unit,"users type it, but see the warning column",2 - Clash or unclear,Yes,Yes,Yes,2024-04-02,44,,Yes,Central Coordinating Unit,Ambiguous,https://unterm.un.org/unterm2/en/view/c5b2b647-f7e5-48dc-b443-38789e414bed,competing: climate change unit (24); carbon capture utilization (20),"ccu +> ?""climate change unit"";"
Maybe,fda,forestry development authority,"users type it, but see the warning column",2 - Clash or unclear,Yes,No,No,2026-01-02,44,,Yes,,no expansion given,https://unterm.un.org/unterm2/en/view/355ec404-90df-4607-b272-f406a4b9b7bb,competing: forestry development authority (22); food drug administration (22),"fda +> ?""forestry development authority"";"
Maybe,lca,life cycle assessment,"users type it, but see the warning column",2 - Clash or unclear,Yes,Yes,Yes,2023-09-27,33,,Yes,Legal Counsel and Administration,Ambiguous,https://unterm.un.org/unterm2/en/view/28de50c5-0977-4adc-9251-34a3b2def2a6,ISO code for Saint Lucia,"lca +> ?""life cycle assessment"";"
Maybe,usa,united states america,"users type it, but see the warning column",2 - Clash or unclear,Yes,Yes,Yes,2023-09-21,32,,No,,,,geo synonym -> united states,"usa +> ?""united states america"";"
Maybe,fra,forest resources assessment,"users type it, but see the warning column",2 - Clash or unclear,Yes,Yes,No,2024-12-19,25,,Yes,,no expansion given,https://unterm.un.org/unterm2/en/view/f151206a-a637-4735-a210-c8c5c0bc1abf,"The dictionary also has ""fra"" - check it is not a word people type. ISO code for France","fra +> ?""forest resources assessment"";"
Maybe,can,calcium ammonium nitrate,"users type it, but it is also the everyday word ""can""",2 - Clash or unclear,Yes,Yes,No,2023-11-23,24,,Yes,,no expansion given,https://unterm.un.org/unterm2/en/view/b32afeda-9f5e-4fec-bf86-c720fdc18bb1,Also an everyday English word. ISO code for Canada,"can +> ?""calcium ammonium nitrate"";"
Maybe,sgp,small grants programme,"users type it, but see the warning column",2 - Clash or unclear,Yes,No,No,2025-11-17,22,,Yes,Senior Politico-Military Group on Proliferation,Ambiguous,https://unterm.un.org/unterm2/en/view/da8633b4-a1e6-43eb-a90a-fe139c23d0fc,ISO code for Singapore,"sgp +> ?""small grants programme"";"
Maybe,gga,global goal adaptation,"users type it, but see the warning column",2 - Clash or unclear,Yes,Yes,Yes,2024-03-25,21,,No,,,,already a rule in passages.sr,"gga +> ?""global goal adaptation"";"
Maybe,apr,annual performance report,only seen inside longer searches,2 - Clash or unclear,No,Yes,Yes,2024-11-29,5860,,Yes,Automated Position Reporting,Ambiguous,https://unterm.un.org/unterm2/en/view/6670ef56-e6e7-489f-b522-f2e96ab5c7d2,competing: annual performance report (5798); annual project report (62),"apr +> ?""annual performance report"";"
Maybe,gwp,global warming potential,only seen inside longer searches,2 - Clash or unclear,No,Yes,No,2025-04-09,1377,,Yes,Global Water Partnership,Ambiguous,https://unterm.un.org/unterm2/en/view/30ba9aa8-9668-4e85-9eab-45e3a369f13f,competing: global warming potential (1193); global warming potentials (161); global water partnership (23),"gwp +> ?""global warming potential"";"
Maybe,ess,environmental social safeguard,"only the long name was searched, not the acronym",2 - Clash or unclear,No,No,Yes,2024-08-07,864,,Yes,,no expansion given,https://unterm.un.org/unterm2/en/view/88567871-1709-4552-8474-7092a42b421b,"The dictionary also has ""ess"" - check it is not a word people type. competing: environmental social safeguard (612); environmental social safeguards (232); environmentally sensitive species (20)","ess +> ?""environmental social safeguard"";"
Maybe,pir,project implementation review,only seen inside longer searches,2 - Clash or unclear,No,Yes,No,2025-10-08,664,,Yes,,no expansion given,https://unterm.un.org/unterm2/en/view/7bc07474-6658-4984-881b-37e7013385af,"The dictionary also has ""pir"" - check it is not a word people type. competing: project implementation review (350); project implementation report (314)","pir +> ?""project implementation review"";"
Maybe,who,world health organization,"only the long name was searched, not the acronym",2 - Clash or unclear,No,Yes,Yes,2023-11-13,631,,Yes,World Health Organization,Matches,https://unterm.un.org/unterm2/en/view/0287216e-fd23-4d2b-a85c-f3b656b0c55f,Also an everyday English word. competing: world health organization (560); world health organisation (71),"who +> ?""world health organization"";"
Maybe,crs,creditor reporting system,only seen inside longer searches,2 - Clash or unclear,No,Yes,No,2026-02-06,537,,Yes,,no expansion given,https://unterm.un.org/unterm2/en/view/bea6a275-812f-48cb-a962-bdf8a9cee3e1,competing: creditor reporting system (490); catholic relief services (47),"crs +> ?""creditor reporting system"";"
Maybe,gap,gender action plan,"only the long name was searched, not the acronym",2 - Clash or unclear,No,Yes,Yes,2023-09-19,515,,Yes,Governance Assessment Portal,Ambiguous,https://unterm.un.org/unterm2/en/view/6e3a1b4b-e330-4128-9eff-035b3d7a7de3,Also an everyday English word. competing: gender action plan (475); good agricultural practices (40),"gap +> ?""gender action plan"";"
Maybe,indc,intended nationally determined contribution,only seen inside longer searches,2 - Clash or unclear,No,Yes,Yes,2024-02-13,366,8,Yes,intended nationally determined contribution,Matches,https://unterm.un.org/unterm2/en/view/cfce7121-f0bd-4ef6-bfbc-0c484ecd19a7,competing: intended nationally determined contribution (294); intended nationally determined contributions (72),"indc +> ?""intended nationally determined contribution"";"
Maybe,ilo,international labour organization,only seen inside longer searches,2 - Clash or unclear,No,Yes,No,2024-02-01,356,,Yes,International Labour Organization,Matches,https://unterm.un.org/unterm2/en/view/0c1648fb-19d5-49c7-8c31-745889814093,competing: international labour organization (276); international labor organization (51); international labour organisation (29),"ilo +> ?""international labour organization"";"
Maybe,ias,invasive alien species,only seen inside longer searches,2 - Clash or unclear,No,Yes,Yes,2025-10-07,236,1,Yes,Institute for Space Astrophysics,Ambiguous,https://unterm.un.org/unterm2/en/view/838be95f-674f-4cb5-92ba-421cd0b603d7,competing: invasive alien species (174); intermediary alternative scenario (33); international accounting standards (29),"ias +> ?""invasive alien species"";"
Maybe,npc,national project coordinator,only seen inside longer searches,2 - Clash or unclear,No,Yes,No,2024-02-05,212,,Yes,National Petroleum Commission,Ambiguous,https://unterm.un.org/unterm2/en/view/a20e8284-daa1-4540-b072-7b500f1db11f,competing: national project coordinator (109); national planning commission (103),"npc +> ?""national project coordinator"";"
Maybe,mnre,ministry natural resources environment,"only the long name was searched, not the acronym",2 - Clash or unclear,No,No,Yes,2026-01-28,202,,No,,,,competing: ministry natural resources environment (155); ministry new renewable energy (47),"mnre +> ?""ministry natural resources environment"";"
Maybe,dom,dead organic matter,only seen inside longer searches,2 - Clash or unclear,No,Yes,No,2026-04-02,200,,Yes,,no expansion given,https://unterm.un.org/unterm2/en/view/39f2898f-10b7-4f59-a8a9-3b5b88da0aee,"The dictionary also has ""dom"" - check it is not a word people type. ISO code for Dominican Republic","dom +> ?""dead organic matter"";"
Maybe,spa,strategic partnership agreement,only seen inside longer searches,2 - Clash or unclear,No,Yes,No,2025-09-16,198,4,Yes,lefetamine,Ambiguous,https://unterm.un.org/unterm2/en/view/bdf0c0bc-ec41-411f-97a7-c4d79efa1e01,"The dictionary also has ""spa"" - check it is not a word people type. competing: strategic partnership agreement (174); special protection area (24)","spa +> ?""strategic partnership agreement"";"
Maybe,dea,department environmental affairs,only seen inside longer searches,2 - Clash or unclear,No,Yes,No,2024-11-23,197,,Yes,data envelopment analysis,Ambiguous,https://unterm.un.org/unterm2/en/view/18b727af-3e96-4511-a2a4-eb1032981ca0,competing: department environmental affairs (107); danish energy agency (90),"dea +> ?""department environmental affairs"";"
Maybe,ief,implied emission factor,only seen inside longer searches,2 - Clash or unclear,No,Yes,No,2025-11-22,197,,No,,,,competing: implied emission factor (142); implied emission factors (55),"ief +> ?""implied emission factor"";"
Maybe,nema,national environment management authority,only seen inside longer searches,2 - Clash or unclear,No,Yes,Yes,2023-10-02,182,,Yes,National Emergency Management Agency,Ambiguous,https://unterm.un.org/unterm2/en/view/13778930-9ba7-49f2-9eb0-18ec68cc8c76,"The dictionary also has ""nema"" - check it is not a word people type. competing: national environment management authority (131); national emergency management agency (27); national environmental management authority (24)","nema +> ?""national environment management authority"";"
Maybe,nama,nationally appropriate mitigation actions,only seen inside longer searches,2 - Clash or unclear,No,Yes,No,2026-09-08,179,,Yes,non-agricultural market access,Ambiguous,https://unterm.un.org/unterm2/en/view/e7ee817c-8d3f-4d79-ac67-d144b1e06cb3,"The dictionary also has ""nama"" - check it is not a word people type. competing: nationally appropriate mitigation actions (126); nationally appropriate mitigation action (53)","nama +> ?""nationally appropriate mitigation actions"";"
Maybe,kpi,key performance indicator,only seen inside longer searches,2 - Clash or unclear,No,Yes,Yes,2024-04-02,161,,Yes,,no expansion given,https://unterm.un.org/unterm2/en/view/1b35173f-3171-43e7-aa35-7487c5f18799,competing: key performance indicator (132); key performance indicators (29),"kpi +> ?""key performance indicator"";"
Maybe,nca,natural capital accounting,"only the long name was searched, not the acronym",2 - Clash or unclear,No,No,Yes,2025-07-07,128,,Yes,national command authorities,Ambiguous,https://unterm.un.org/unterm2/en/view/e6b6304a-4089-4e2a-926f-d2619ae712ac,competing: natural capital accounting (95); natural capital accounts (33),"nca +> ?""natural capital accounting"";"
Maybe,nga,natural gas act,"only the long name was searched, not the acronym",2 - Clash or unclear,No,No,Yes,2023-09-26,125,,Yes,,no expansion given,https://unterm.un.org/unterm2/en/view/1c180ef4-78f1-42cb-94f5-0c62aec1e8b8,ISO code for Nigeria,"nga +> ?""natural gas act"";"
Maybe,twg,technical working group,"only the long name was searched, not the acronym",2 - Clash or unclear,No,No,Yes,2025-07-18,125,,Yes,Tidal Working Group,Ambiguous,https://unterm.un.org/unterm2/en/view/8a81c3d1-226f-4bb2-bab8-0d816bbf937c,competing: technical working group (104); technical working groups (21),"twg +> ?""technical working group"";"
Maybe,ldc,local distribution company,only seen inside longer searches,2 - Clash or unclear,No,Yes,No,2025-11-24,117,,Yes,local distribution company,Matches,https://unterm.un.org/unterm2/en/view/682d7a90-00d8-4fc8-b64c-454eec010776,political grouping in ISO data,"ldc +> ?""local distribution company"";"
Maybe,cfr,code federal regulations,only seen inside longer searches,2 - Clash or unclear,No,Yes,No,2026-03-16,109,,Yes,,no expansion given,https://unterm.un.org/unterm2/en/view/a74bbdb5-ea4e-4e75-abeb-14a541080bd8,competing: code federal regulations (73); charter fundamental rights (36),"cfr +> ?""code federal regulations"";"
Maybe,ppp,purchasing power parity,only seen inside longer searches,2 - Clash or unclear,No,Yes,No,2025-02-11,109,,Yes,,no expansion given,https://unterm.un.org/unterm2/en/view/eb9cc0de-cee1-482f-9472-37ec37a5da81,competing: purchasing power parity (71); public private partnership (38),"ppp +> ?""purchasing power parity"";"
Maybe,crf,common reporting format,only seen inside longer searches,2 - Clash or unclear,No,Yes,No,2024-10-24,100,9,Yes,Corporate Registers Forum,Ambiguous,https://unterm.un.org/unterm2/en/view/244f384d-6fc9-4220-b8f1-2f795b3d641e,competing: common reporting format (62); common reporting framework (38),"crf +> ?""common reporting format"";"
Maybe,ccd,climate change department,"only the long name was searched, not the acronym",2 - Clash or unclear,No,No,Yes,2024-02-15,95,,Yes,,no expansion given,https://unterm.un.org/unterm2/en/view/83c38e74-390e-453f-8bb0-cfb45b007330,competing: climate change department (51); climate change division (44),"ccd +> ?""climate change department"";"
Maybe,nrc,national research council,only seen inside longer searches,2 - Clash or unclear,No,Yes,No,2025-10-10,88,,Yes,National Research Council,Matches,https://unterm.un.org/unterm2/en/view/25148951-4b3a-4a1f-879f-0228f19f67f5,competing: national research council (49); nuclear regulatory commission (39),"nrc +> ?""national research council"";"
Maybe,nep,national environmental policy,only seen inside longer searches,2 - Clash or unclear,No,Yes,Yes,2023-09-30,84,4,Yes,nuclear electric propulsion,Ambiguous,https://unterm.un.org/unterm2/en/view/c3149159-07f1-4710-a670-8b13bbd26b0b,"The dictionary also has ""nep"" - check it is not a word people type. competing: national environmental policy (63); national energy policy (21)","nep +> ?""national environmental policy"";"
Maybe,mia,minamata initial assessment,only seen inside longer searches,2 - Clash or unclear,No,Yes,No,2026-06-04,80,,Yes,missing in action,Ambiguous,https://unterm.un.org/unterm2/en/view/57677ce0-5f2c-4355-aedb-429164de7579,competing: minamata initial assessment (48); ministry internal affairs (32),"mia +> ?""minamata initial assessment"";"
Maybe,bod,biochemical oxygen demand,only seen inside longer searches,2 - Clash or unclear,No,Yes,No,2026-05-12,80,,Yes,biochemical oxygen demand,Matches,https://unterm.un.org/unterm2/en/view/a83c2ff4-f772-494c-aa86-0351ba46e09b,"The dictionary also has ""bod"" - check it is not a word people type. competing: biochemical oxygen demand (60); biological oxygen demand (20)","bod +> ?""biochemical oxygen demand"";"
Maybe,ead,environmental affairs department,only seen inside longer searches,2 - Clash or unclear,No,Yes,No,2025-10-25,79,,Yes,Electoral Assistance Division,Ambiguous,https://unterm.un.org/unterm2/en/view/1b2c5c2a-d12e-41d1-abe3-e1ac33b2ece9,competing: environmental affairs department (53); expected annual damage (26),"ead +> ?""environmental affairs department"";"
Maybe,rcp,representative concentration pathway,only seen inside longer searches,2 - Clash or unclear,No,Yes,No,2025-07-23,78,,Yes,,no expansion given,https://unterm.un.org/unterm2/en/view/860b9a1d-8901-4ea5-8a80-ac85ad3a49e7,competing: representative concentration pathway (46); representative concentration pathways (32),"rcp +> ?""representative concentration pathway"";"
Maybe,folu,forestry other land use,only seen inside longer searches,2 - Clash or unclear,No,Yes,No,2024-04-21,65,,Yes,,no expansion given,https://unterm.un.org/unterm2/en/view/c7586a0c-dc88-4963-bd2f-dd42a055af54,competing: forestry other land use (42); forest other land use (23),"folu +> ?""forestry other land use"";"
Maybe,kba,key biodiversity areas,"only the long name was searched, not the acronym",2 - Clash or unclear,No,No,Yes,2026-03-24,63,,Yes,Kuwait Banking Association,Ambiguous,https://unterm.un.org/unterm2/en/view/fcf98257-1a38-4573-a497-237436c35170,competing: key biodiversity areas (34); key biodiversity area (29),"kba +> ?""key biodiversity areas"";"
Maybe,esp,environmental social policy,only seen inside longer searches,2 - Clash or unclear,No,Yes,Yes,2024-01-10,51,,Yes,Enhanced Survey Programme,Ambiguous,https://unterm.un.org/unterm2/en/view/3680ed32-1bc6-443d-8cf4-904e348f4eb8,ISO code for Spain,"esp +> ?""environmental social policy"";"
Maybe,vcs,verified carbon standard,only seen inside longer searches,2 - Clash or unclear,No,Yes,No,2025-01-15,47,,Yes,,no expansion given,https://unterm.un.org/unterm2/en/view/b8844df4-2a94-477b-a467-08ef66b7a2e2,competing: verified carbon standard (24); voluntary consensus standards (23),"vcs +> ?""verified carbon standard"";"
Maybe,nsdp,national strategic development plan,only seen inside longer searches,2 - Clash or unclear,No,Yes,Yes,2023-09-19,46,3,No,,,,competing: national strategic development plan (24); national sustainable development plan (22),"nsdp +> ?""national strategic development plan"";"
Maybe,nec,national environment commission,only seen inside longer searches,2 - Clash or unclear,No,Yes,No,2024-08-10,45,,Yes,not elsewhere classified,Ambiguous,https://unterm.un.org/unterm2/en/view/7f365678-f570-4643-9d2e-12308a050bfc,competing: national environment commission (23); national environmental council (22),"nec +> ?""national environment commission"";"
Maybe,sop,standard operating procedures,"only the long name was searched, not the acronym",2 - Clash or unclear,No,No,Yes,2024-08-07,44,,Yes,,no expansion given,https://unterm.un.org/unterm2/en/view/c9a276db-beaa-4a83-bf9a-4c7b253a71cc,"The dictionary also has ""sop"" - check it is not a word people type. competing: standard operating procedures (23); standard operating procedure (21)","sop +> ?""standard operating procedures"";"
Maybe,ecn,energy commission nigeria,"only the long name was searched, not the acronym",2 - Clash or unclear,No,No,Yes,2025-07-04,42,,Yes,European Competition Network,Ambiguous,https://unterm.un.org/unterm2/en/view/b681a07d-11f4-4f29-ba17-4f94835507b9,competing: energy commission nigeria (21); early career network (21),"ecn +> ?""energy commission nigeria"";"
Maybe,tgo,thailand greenhouse gas management organization,"only the long name was searched, not the acronym",2 - Clash or unclear,No,No,Yes,2024-07-23,32,,No,,,,ISO code for Togo,"tgo +> ?""thailand greenhouse gas management organization"";"
Maybe,nam,national association manufacturers,only seen inside longer searches,2 - Clash or unclear,No,Yes,Yes,2023-12-24,20,,Yes,,no expansion given,https://unterm.un.org/unterm2/en/view/5a58392b-b486-4bff-aa03-e977222d7bc1,"The dictionary also has ""nam"" - check it is not a word people type. ISO code for Namibia","nam +> ?""national association manufacturers"";"
