acronym	expansion	passages	status	note	rule_line
apr	annual performance report	5860	review	competing: annual performance report (5798); annual project report (62)	"apr +> ?""annual performance report"";"
unccd	united nations convention combat desertification	5247	review	competing: united nations convention combat desertification (5223); united nations framework convention combat desertification (24)	"unccd +> ?""united nations convention combat desertification"";"
unfccc	united nations framework convention climate change	5038	ready		"unfccc +> ?""united nations framework convention climate change"";"
ara	amendment restatement agreement	3976	ready		"ara +> ?""amendment restatement agreement"";"
ipcc	intergovernmental panel climate change	3894	review	competing: intergovernmental panel climate change (3863); inter governmental panel climate change (31)	"ipcc +> ?""intergovernmental panel climate change"";"
gef	global environment facility	3593	review	competing: global environment facility (3412); global environmental facility (148); global environment fund (33)	"gef +> ?""global environment facility"";"
ippu	industrial processes product use	3308	review	competing: industrial processes product use (3090); industrial process product use (111); industrial processes other product use (85)	"ippu +> ?""industrial processes product use"";"
nid	national inventory document	2631	review	competing: national inventory document (2551); national inventor document (80)	"nid +> ?""national inventory document"";"
nir	national inventory report	2542	review	competing: national inventory report (2503); national inventory reports (39)	"nir +> ?""national inventory report"";"
ndc	nationally determined contribution	2476	review	already a rule in passages.sr	"ndc +> ?""nationally determined contribution"";"
undp	united nations development programme	2221	review	competing: united nations development programme (1696); united nations development program (479); united nation development programme (46)	"undp +> ?""united nations development programme"";"
ppg	project preparation grant	2201	ready		"ppg +> ?""project preparation grant"";"
efg	ecosystem functional group	1981	ready		"efg +> ?""ecosystem functional group"";"
gcf	green climate fund	1934	review	competing: green climate fund (1794); green climate fund s (140)	"gcf +> ?""green climate fund"";"
epa	environmental protection agency	1929	review	competing: environmental protection agency (1838); environmental protection agency s (32); environmental protection authority (30)	"epa +> ?""environmental protection agency"";"
fao	food agriculture organization	1826	review	competing: food agriculture organization (1552); food agriculture organisation (197); food agricultural organization (45)	"fao +> ?""food agriculture organization"";"
nap	national adaptation plan	1735	review	competing: national adaptation plan (1424); national climate change adaptation plan (113); national action plan (90)	"nap +> ?""national adaptation plan"";"
pmu	project management unit	1525	review	competing: project management unit (1483); programme management unit (42)	"pmu +> ?""project management unit"";"
gdp	gross domestic product	1411	ready		"gdp +> ?""gross domestic product"";"
gwp	global warming potential	1377	review	competing: global warming potential (1193); global warming potentials (161); global water partnership (23)	"gwp +> ?""global warming potential"";"
ef	emission factor	1366	review	competing: emission factor (945); emission factors (421)	"ef +> ?""emission factor"";"
lpg	liquefied petroleum gas	1347	review	competing: liquefied petroleum gas (611); liquefied petroleum gases (482); liquid petroleum gas (182)	"lpg +> ?""liquefied petroleum gas"";"
gpcc	global precipitation climatology centre	1328	ready		"gpcc +> ?""global precipitation climatology centre"";"
unep	united nations environment programme	1295	review	competing: united nations environment programme (1139); united nations environment program (156)	"unep +> ?""united nations environment programme"";"
iea	international energy agency	1271	ready		"iea +> ?""international energy agency"";"
rli	red list index	1192	ready		"rli +> ?""red list index"";"
eia	energy information administration	1178	review	competing: energy information administration (670); environmental impact assessment (460); environmental impact assessments (26)	"eia +> ?""energy information administration"";"
cbd	convention biological diversity	1176	ready		"cbd +> ?""convention biological diversity"";"
nbsap	national biodiversity strategy action plan	1129	review	competing: national biodiversity strategy action plan (1063); national biodiversity strategies action plan (66)	"nbsap +> ?""national biodiversity strategy action plan"";"
psc	project steering committee	1121	ready		"psc +> ?""project steering committee"";"
pmc	project management cost	985	review	competing: project management cost (817); project management committee (59); project manageme nt cost (57)	"pmc +> ?""project management cost"";"
tnc	third national communication	962	ready		"tnc +> ?""third national communication"";"
eea	european environment agency	924	ready		"eea +> ?""european environment agency"";"
ad	activity data	899	review	competing: activity data (858); anaerobic digestion (41)	"ad +> ?""activity data"";"
ess	environmental social safeguard	864	review	competing: environmental social safeguard (612); environmental social safeguards (232); environmentally sensitive species (20)	"ess +> ?""environmental social safeguard"";"
isric	international soil reference information centre	836	ready		"isric +> ?""international soil reference information centre"";"
cites	convention international trade endangered species	806	ready		"cites +> ?""convention international trade endangered species"";"
eu	european union	806	review	geo synonym -> european union	"eu +> ?""european union"";"
soc	soil organic carbon	781	ready		"soc +> ?""soil organic carbon"";"
esmp	environmental social management plan	752	ready		"esmp +> ?""environmental social management plan"";"
pm	particulate matter	723	review	competing: particulate matter (470); project manager (232); populations maintained (21)	"pm +> ?""particulate matter"";"
sids	small island developing states	681	review	political grouping in ISO data	"sids +> ?""small island developing states"";"
te	terminal evaluation	676	review	competing: terminal evaluation (655); terminal evaluations (21)	"te +> ?""terminal evaluation"";"
napa	national adaptation programme action	675	review	competing: national adaptation programme action (463); national action plan adaptation (60); national adaptation plan action (57)	"napa +> ?""national adaptation programme action"";"
pir	project implementation review	664	review	competing: project implementation review (350); project implementation report (314)	"pir +> ?""project implementation review"";"
ldn	land degradation neutrality	659	ready		"ldn +> ?""land degradation neutrality"";"
qc	quality control	647	ready		"qc +> ?""quality control"";"
who	world health organization	631	review	competing: world health organization (560); world health organisation (71)	"who +> ?""world health organization"";"
uaa	utilised agricultural area	627	review	competing: utilised agricultural area (544); utilised agricultural land area (45); utilized agricultural area (38)	"uaa +> ?""utilised agricultural area"";"
idb	inter american development bank	609	review	competing: inter american development bank (576); inter american developme nt bank (33)	"idb +> ?""inter american development bank"";"
wmo	world meteorological organization	609	review	competing: world meteorological organization (553); world meteorological organisation (56)	"wmo +> ?""world meteorological organization"";"
oda	official development assistance	604	ready		"oda +> ?""official development assistance"";"
qa	quality assurance	597	review	ISO-2 prefix, Qatar	"qa +> ?""quality assurance"";"
mcf	methane correction factor	597	review	competing: methane correction factor (428); methane conversion factor (80); methane conversion factors (58)	"mcf +> ?""methane correction factor"";"
chp	combined heat power	595	ready		"chp +> ?""combined heat power"";"
ncr	national capital region	592	ready		"ncr +> ?""national capital region"";"
adb	asian development bank	581	review	competing: asian development bank (558); african development bank (23)	"adb +> ?""asian development bank"";"
ima	institute marine affairs	580	ready		"ima +> ?""institute marine affairs"";"
bur	biennial update report	573	review	competing: biennial update report (493); biennial update reports (80)	"bur +> ?""biennial update report"";"
sdg	sustainable development goal	565	review	competing: sustainable development goal (466); sustainable development goals (99)	"sdg +> ?""sustainable development goal"";"
ccs	carbon capture storage	562	review	competing: carbon capture storage (541); carbon dioxide capture storage (21)	"ccs +> ?""carbon capture storage"";"
crs	creditor reporting system	537	review	competing: creditor reporting system (490); catholic relief services (47)	"crs +> ?""creditor reporting system"";"
ec	establishing framework achieving climate	517	review	ISO-2 prefix, Ecuador	"ec +> ?""establishing framework achieving climate"";"
btr	biennial transparency report	515	review	competing: biennial transparency report (434); biennial transparency reports (81)	"btr +> ?""biennial transparency report"";"
gap	gender action plan	515	review	competing: gender action plan (475); good agricultural practices (40)	"gap +> ?""gender action plan"";"
esia	environmental social impact assessment	496	ready		"esia +> ?""environmental social impact assessment"";"
cdm	clean development mechanism	487	ready		"cdm +> ?""clean development mechanism"";"
un	united nations	475	ready		"un +> ?""united nations"";"
ee	energy efficiency	474	review	competing: energy efficiency (283); executing entity (158); executing entities (33)	"ee +> ?""energy efficiency"";"
ae	accredited entity	464	ready		"ae +> ?""accredited entity"";"
iucn	international union conservation nature	460	ready		"iucn +> ?""international union conservation nature"";"
esmf	environmental social management framework	447	ready		"esmf +> ?""environmental social management framework"";"
msw	municipal solid waste	428	ready		"msw +> ?""municipal solid waste"";"
slm	sustainable land management	427	ready		"slm +> ?""sustainable land management"";"
fr	federal register	415	review	ISO-2 prefix, France	"fr +> ?""federal register"";"
af	adaptation fund	408	review	ISO-2 prefix, Afghanistan	"af +> ?""adaptation fund"";"
wb	world bank	400	ready		"wb +> ?""world bank"";"
lng	liquefied natural gas	399	review	competing: liquefied natural gas (353); liquified natural gas (46)	"lng +> ?""liquefied natural gas"";"
sasb	sustainability accounting standards board	396	ready		"sasb +> ?""sustainability accounting standards board"";"
ne	not estimated	392	review	ISO-2 prefix, Niger	"ne +> ?""not estimated"";"
indc	intended nationally determined contribution	366	review	competing: intended nationally determined contribution (294); intended nationally determined contributions (72)	"indc +> ?""intended nationally determined contribution"";"
oecd	organisation economic co operation development	366	review	political grouping in ISO data	"oecd +> ?""organisation economic co operation development"";"
drr	disaster risk reduction	364	review	competing: disaster risk reduction (319); deputy resident representative (45)	"drr +> ?""disaster risk reduction"";"
ilo	international labour organization	356	review	competing: international labour organization (276); international labor organization (51); international labour organisation (29)	"ilo +> ?""international labour organization"";"
dac	development assistance committee	353	review	competing: development assistance committee (324); direct air capture (29)	"dac +> ?""development assistance committee"";"
hwp	harvested wood products	346	ready		"hwp +> ?""harvested wood products"";"
cca	climate change adaptation	346	ready		"cca +> ?""climate change adaptation"";"
nepa	national environmental policy act	345	review	competing: national environmental policy act (296); national environmental protection agency (49)	"nepa +> ?""national environmental policy act"";"
cra	congressional review act	342	review	competing: congressional review act (289); climate resilient agriculture (28); climate resilient agricultural (25)	"cra +> ?""congressional review act"";"
ifad	international fund agricultural development	341	ready		"ifad +> ?""international fund agricultural development"";"
hdi	human development index	341	ready		"hdi +> ?""human development index"";"
doc	degradable organic carbon	338	ready		"doc +> ?""degradable organic carbon"";"
apa	administrative procedure act	331	ready		"apa +> ?""administrative procedure act"";"
duv	direct use value	330	review	competing: direct use value (165); direct use values (165)	"duv +> ?""direct use value"";"
ifc	international finance corporation	329	ready		"ifc +> ?""international finance corporation"";"
ms	moderately satisfactory	325	review	competing: moderately satisfactory (224); member states (61); management systems (40)	"ms +> ?""moderately satisfactory"";"
oof	other official flows	322	ready		"oof +> ?""other official flows"";"
car	cordillera administrative region	322	review	competing: cordillera administrative region (201); central african republic (121)	"car +> ?""cordillera administrative region"";"
pif	project identification form	318	ready		"pif +> ?""project identification form"";"
snc	second national communication	313	ready		"snc +> ?""second national communication"";"
no	not occurring	312	review	ISO-2 prefix, Norway	"no +> ?""not occurring"";"
eclac	economic commission latin america caribbean	308	ready		"eclac +> ?""economic commission latin america caribbean"";"
ev	existence values	303	review	competing: existence values (165); electric vehicle (78); electric vehicles (60)	"ev +> ?""existence values"";"
tcfd	task force climate related financial disclosures	300	review	already a rule in documents.sr	"tcfd +> ?""task force climate related financial disclosures"";"
jica	japan international cooperation agency	299	review	competing: japan international cooperation agency (270); japanese international cooperation agency (29)	"jica +> ?""japan international cooperation agency"";"
carb	california air resources board	297	ready		"carb +> ?""california air resources board"";"
esms	environmental social management system	286	ready		"esms +> ?""environmental social management system"";"
mem	ministry energy mines	280	ready		"mem +> ?""ministry energy mines"";"
ndp	national development plan	274	ready		"ndp +> ?""national development plan"";"
pra	paperwork reduction act	273	ready		"pra +> ?""paperwork reduction act"";"
tev	total ecological value	271	review	competing: total ecological value (165); total economic value (73); total economic valuation (33)	"tev +> ?""total ecological value"";"
eib	european investment bank	271	ready		"eib +> ?""european investment bank"";"
eafrd	european agricultural fund rural development	271	ready		"eafrd +> ?""european agricultural fund rural development"";"
bat	best available techniques	271	ready		"bat +> ?""best available techniques"";"
wfp	world food programme	269	review	competing: world food programme (243); world food program (26)	"wfp +> ?""world food programme"";"
ict	information communication technology	269	review	competing: information communication technology (142); information communications technology (72); information communication technologies (55)	"ict +> ?""information communication technology"";"
nfi	national forest inventory	267	ready		"nfi +> ?""national forest inventory"";"
re	renewable energy	266	ready		"re +> ?""renewable energy"";"
wdpa	world database protected areas	265	ready		"wdpa +> ?""world database protected areas"";"
rfa	regulatory flexibility act	263	ready		"rfa +> ?""regulatory flexibility act"";"
cms	conservation migratory species	263	review	competing: conservation migratory species (219); convention migratory species (44)	"cms +> ?""conservation migratory species"";"
gggi	global green growth institute	260	review	competing: global green growth institute (207); global gender gap index (53)	"gggi +> ?""global green growth institute"";"
erdf	european regional development fund	259	ready		"erdf +> ?""european regional development fund"";"
tossd	total official support sustainable development	256	ready		"tossd +> ?""total official support sustainable development"";"
psi	private sector instruments	250	ready		"psi +> ?""private sector instruments"";"
pa	paris agreement	249	review	ISO-2 prefix, Panama	"pa +> ?""paris agreement"";"
mu	moderately unsatisfactory	248	review	ISO-2 prefix, Mauritius	"mu +> ?""moderately unsatisfactory"";"
pes	payment ecosystem services	248	review	competing: payment ecosystem services (125); payments ecosystem services (49); payment environmental services (45)	"pes +> ?""payment ecosystem services"";"
ebrd	european bank reconstruction development	247	ready		"ebrd +> ?""european bank reconstruction development"";"
nen	national ecological network	245	ready		"nen +> ?""national ecological network"";"
mef	ministry economy finance	242	ready		"mef +> ?""ministry economy finance"";"
onep	office natural resources environmental policy	239	ready		"onep +> ?""office natural resources environmental policy"";"
sme	small medium sized enterprises	237	ready		"sme +> ?""small medium sized enterprises"";"
nccc	national climate change committee	236	review	competing: national climate change committee (214); national committee climate change (22)	"nccc +> ?""national climate change committee"";"
ias	invasive alien species	236	review	competing: invasive alien species (174); intermediary alternative scenario (33); international accounting standards (29)	"ias +> ?""invasive alien species"";"
wwf	world wildlife fund	232	review	competing: world wildlife fund (152); world wide fund (80)	"wwf +> ?""world wildlife fund"";"
wri	world resources institute	229	ready		"wri +> ?""world resources institute"";"
faa	funded activity agreement	229	review	competing: funded activity agreement (165); federal aviation administration (64)	"faa +> ?""funded activity agreement"";"
ncv	net calorific value	227	ready		"ncv +> ?""net calorific value"";"
mme	ministry mines energy	227	ready		"mme +> ?""ministry mines energy"";"
tna	technology needs assessment	226	ready		"tna +> ?""technology needs assessment"";"
imo	international maritime organization	226	review	competing: international maritime organization (183); international maritime organisation (43)	"imo +> ?""international maritime organization"";"
imf	international monetary fund	225	ready		"imf +> ?""international monetary fund"";"
isa	integrated science assessment	224	ready		"isa +> ?""integrated science assessment"";"
ppr	project progress reports	222	review	competing: project progress reports (167); project performance reports (32); project performance report (23)	"ppr +> ?""project progress reports"";"
ipp	indigenous peoples plan	220	review	competing: indigenous peoples plan (169); infrastructure production plan (31); independent power producer (20)	"ipp +> ?""indigenous peoples plan"";"
cap	common agricultural policy	220	ready		"cap +> ?""common agricultural policy"";"
gi	green infrastructure	216	review	ISO-2 prefix, Guinea	"gi +> ?""green infrastructure"";"
trir	total recordable incident rate	215	review	competing: total recordable incident rate (178); total recordable injury rate (37)	"trir +> ?""total recordable incident rate"";"
usaid	united states agency international development	214	ready		"usaid +> ?""united states agency international development"";"
saf	sustainable aviation fuel	213	review	competing: sustainable aviation fuel (162); sustainable aviation fuels (51)	"saf +> ?""sustainable aviation fuel"";"
noaa	national oceanic atmospheric administration	212	ready		"noaa +> ?""national oceanic atmospheric administration"";"
nc	national communications	212	review	competing: national communications (99); national communication (86); natural capital (27)	"nc +> ?""national communications"";"
npc	national project coordinator	212	review	competing: national project coordinator (109); national planning commission (103)	"npc +> ?""national project coordinator"";"
nttaa	national technology transfer advancement act	211	ready		"nttaa +> ?""national technology transfer advancement act"";"
ta	technical assistance	209	review	competing: technical assistance (150); trend assessment (59)	"ta +> ?""technical assistance"";"
nbsp	national biodiversity strategy action plan	207	ready		"nbsp +> ?""national biodiversity strategy action plan"";"
ldcf	least developed countries fund	206	ready		"ldcf +> ?""least developed countries fund"";"
cng	compressed natural gas	205	ready		"cng +> ?""compressed natural gas"";"
erc	evaluation resource center	203	review	competing: evaluation resource center (143); evaluation resource centre (60)	"erc +> ?""evaluation resource center"";"
mnre	ministry natural resources environment	202	review	competing: ministry natural resources environment (155); ministry new renewable energy (47)	"mnre +> ?""ministry natural resources environment"";"
api	american petroleum institute	202	ready		"api +> ?""american petroleum institute"";"
eip	european innovation partnership	202	ready		"eip +> ?""european innovation partnership"";"
dom	dead organic matter	200	review	ISO code for Dominican Republic	"dom +> ?""dead organic matter"";"
crave	climate resilient agriculture three vulnerable extreme	199	ready		"crave +> ?""climate resilient agriculture three vulnerable extreme"";"
hs	highly satisfactory	199	ready		"hs +> ?""highly satisfactory"";"
nbpspa	national biodiversity policy strategic plan action	198	ready		"nbpspa +> ?""national biodiversity policy strategic plan action"";"
spa	strategic partnership agreement	198	review	competing: strategic partnership agreement (174); special protection area (24)	"spa +> ?""strategic partnership agreement"";"
dea	department environmental affairs	197	review	competing: department environmental affairs (107); danish energy agency (90)	"dea +> ?""department environmental affairs"";"
ief	implied emission factor	197	review	competing: implied emission factor (142); implied emission factors (55)	"ief +> ?""implied emission factor"";"
ppcr	pilot program climate resilience	195	review	competing: pilot program climate resilience (162); pilot programme climate resilience (33)	"ppcr +> ?""pilot program climate resilience"";"
caa	clean air act	195	ready		"caa +> ?""clean air act"";"
esap	ess standards agreed part	194	review	competing: ess standards agreed part (124); environmental social action plan (70)	"esap +> ?""ess standards agreed part"";"
npd	national project director	192	ready		"npd +> ?""national project director"";"
neeap	national energy efficiency action plan	191	ready		"neeap +> ?""national energy efficiency action plan"";"
ea	executing agency	190	review	competing: executing agency (123); environmental assessment (39); environment agency (28)	"ea +> ?""executing agency"";"
iee	initial environmental examination	187	ready		"iee +> ?""initial environmental examination"";"
sea	strategic environmental assessment	187	ready		"sea +> ?""strategic environmental assessment"";"
kca	key category analysis	187	review	competing: key category analysis (149); key categories analysis (38)	"kca +> ?""key category analysis"";"
spi	standardized precipitation index	186	ready		"spi +> ?""standardized precipitation index"";"
gii	gender inequality index	184	ready		"gii +> ?""gender inequality index"";"
umra	unfunded mandates reform act	183	ready		"umra +> ?""unfunded mandates reform act"";"
gaul	global administrative unit layers	183	ready		"gaul +> ?""global administrative unit layers"";"
nema	national environment management authority	182	review	competing: national environment management authority (131); national emergency management agency (27); national environmental management authority (24)	"nema +> ?""national environment management authority"";"
ctf	clean technology fund	180	review	competing: clean technology fund (100); common tabular format (80)	"ctf +> ?""clean technology fund"";"
glof	glacial lake outburst flood	179	ready		"glof +> ?""glacial lake outburst flood"";"
nama	nationally appropriate mitigation actions	179	review	competing: nationally appropriate mitigation actions (126); nationally appropriate mitigation action (53)	"nama +> ?""nationally appropriate mitigation actions"";"
voc	volatile organic compounds	178	ready		"voc +> ?""volatile organic compounds"";"
ccm	climate change mitigation	177	ready		"ccm +> ?""climate change mitigation"";"
ews	early warning systems	175	review	competing: early warning systems (119); early warning system (56)	"ews +> ?""early warning systems"";"
esa	endangered species act	173	review	competing: endangered species act (140); european space agency (33)	"esa +> ?""endangered species act"";"
ge	gross energy	173	review	ISO-2 prefix, Georgia	"ge +> ?""gross energy"";"
nccs	national climate change strategy	173	review	competing: national climate change strategy (149); national climate change secretariat (24)	"nccs +> ?""national climate change strategy"";"
nbs	national biodiversity strategy	171	review	competing: national biodiversity strategy (130); national bureau statistics (41)	"nbs +> ?""national biodiversity strategy"";"
ets	emissions trading system	169	review	competing: emissions trading system (147); emissions trading scheme (22)	"ets +> ?""emissions trading system"";"
pip	priority investment program	168	ready		"pip +> ?""priority investment program"";"
fcpf	forest carbon partnership facility	167	ready		"fcpf +> ?""forest carbon partnership facility"";"
uic	underground injection control	166	ready		"uic +> ?""underground injection control"";"
tfeu	treaty functioning european union	165	ready		"tfeu +> ?""treaty functioning european union"";"
iuv	indirect use values	165	ready		"iuv +> ?""indirect use values"";"
ov	option values	165	ready		"ov +> ?""option values"";"
blm	bureau land management	165	ready		"blm +> ?""bureau land management"";"
so	specific objectives	163	review	ISO-2 prefix, Somalia	"so +> ?""specific objectives"";"
cta	chief technical advisor	162	ready		"cta +> ?""chief technical advisor"";"
acap	agreement conservation albatrosses petrels	161	ready		"acap +> ?""agreement conservation albatrosses petrels"";"
pyrn	permafrost young research network	161	ready		"pyrn +> ?""permafrost young research network"";"
kpi	key performance indicator	161	review	competing: key performance indicator (132); key performance indicators (29)	"kpi +> ?""key performance indicator"";"
cr	composition final recovery	159	review	ISO-2 prefix, Costa Rica	"cr +> ?""composition final recovery"";"
etf	enhanced transparency framework	159	ready		"etf +> ?""enhanced transparency framework"";"
gis	geographic information systems	157	review	competing: geographic information systems (92); geographic information system (65)	"gis +> ?""geographic information systems"";"
sep	stakeholder engagement plan	156	ready		"sep +> ?""stakeholder engagement plan"";"
mr	methodology report	154	review	ISO-2 prefix, Mauritania	"mr +> ?""methodology report"";"
gcos	global climate observing system	154	review	competing: global climate observing system (132); global climate observation system (22)	"gcos +> ?""global climate observing system"";"
iges	institute global environmental strategies	153	ready		"iges +> ?""institute global environmental strategies"";"
ci	conservation international	153	review	ISO-2 prefix, Côte d'Ivoire	"ci +> ?""conservation international"";"
unido	united nations industrial development organization	153	ready		"unido +> ?""united nations industrial development organization"";"
fws	fish wildlife service	152	ready		"fws +> ?""fish wildlife service"";"
iczm	integrated coastal zone management	151	ready		"iczm +> ?""integrated coastal zone management"";"
da	department agriculture	150	review	competing: department agriculture (55); designated authority (50); delivery adaption (45)	"da +> ?""department agriculture"";"
ai	artificial intelligence	149	ready		"ai +> ?""artificial intelligence"";"
icc	international criminal court	148	ready		"icc +> ?""international criminal court"";"
ttl	task team leader	148	ready		"ttl +> ?""task team leader"";"
ie	included elsewhere	148	review	competing: included elsewhere (116); implementing entity (32)	"ie +> ?""included elsewhere"";"
omb	office management budget	148	ready		"omb +> ?""office management budget"";"
iw	inception workshop	147	ready		"iw +> ?""inception workshop"";"
crt	common reporting tables	147	review	competing: common reporting tables (87); common reporting table (60)	"crt +> ?""common reporting tables"";"
rpf	resettlement policy framework	145	ready		"rpf +> ?""resettlement policy framework"";"
sccf	special climate change fund	145	ready		"sccf +> ?""special climate change fund"";"
ira	inflation reduction act	145	review	already a rule in documents.sr	"ira +> ?""inflation reduction act"";"
hu	highly unsatisfactory	144	review	ISO-2 prefix, Hungary	"hu +> ?""highly unsatisfactory"";"
kacst	king abdulaziz city science technology	143	ready		"kacst +> ?""king abdulaziz city science technology"";"
rgc	royal government cambodia	143	ready		"rgc +> ?""royal government cambodia"";"
slr	sea level rise	143	ready		"slr +> ?""sea level rise"";"
cod	chemical oxygen demand	143	review	ISO code for Democratic Republic of Congo	"cod +> ?""chemical oxygen demand"";"
maf	ministry agriculture fisheries	140	review	competing: ministry agriculture fisheries (108); ministry agriculture forestry (32)	"maf +> ?""ministry agriculture fisheries"";"
esr	effort sharing regulation	139	ready		"esr +> ?""effort sharing regulation"";"
nda	national designated authority	138	ready		"nda +> ?""national designated authority"";"
edf	environmental defense fund	137	review	competing: environmental defense fund (96); european development fund (41)	"edf +> ?""environmental defense fund"";"
tsc	technical screening criteria	136	ready		"tsc +> ?""technical screening criteria"";"
gva	gross value added	136	ready		"gva +> ?""gross value added"";"
ia	implementing agency	136	ready		"ia +> ?""implementing agency"";"
pmf	performance measurement frameworks	135	ready		"pmf +> ?""performance measurement frameworks"";"
rap	resettlement action plan	134	ready		"rap +> ?""resettlement action plan"";"
irmf	integrated results management framework	134	ready		"irmf +> ?""integrated results management framework"";"
ema	environmental management authority	134	ready		"ema +> ?""environmental management authority"";"
drm	disaster risk management	134	ready		"drm +> ?""disaster risk management"";"
esd	effort sharing decision	134	review	competing: effort sharing decision (104); education sustainable development (30)	"esd +> ?""effort sharing decision"";"
oe	office environment	131	ready		"oe +> ?""office environment"";"
fdi	foreign direct investment	130	ready		"fdi +> ?""foreign direct investment"";"
nrel	national renewable energy laboratory	128	ready		"nrel +> ?""national renewable energy laboratory"";"
ceq	council environmental quality	128	ready		"ceq +> ?""council environmental quality"";"
nccp	national climate change policy	128	ready		"nccp +> ?""national climate change policy"";"
csa	climate smart agriculture	128	review	competing: climate smart agriculture (79); central statistical agency (28); corporate sustainability assessment (21)	"csa +> ?""climate smart agriculture"";"
nca	natural capital accounting	128	review	competing: natural capital accounting (95); natural capital accounts (33)	"nca +> ?""natural capital accounting"";"
fy	fiscal year	127	ready		"fy +> ?""fiscal year"";"
icao	international civil aviation organization	127	ready		"icao +> ?""international civil aviation organization"";"
ipm	integrated pest management	126	ready		"ipm +> ?""integrated pest management"";"
smr	statutory management requirements	125	review	ISO code for San Marino	"smr +> ?""statutory management requirements"";"
pacczo	projet d adaptation aux changements climatiques dans les zones oasiennes	125	ready		"pacczo +> ?""projet d adaptation aux changements climatiques dans les zones oasiennes"";"
nga	natural gas act	125	review	ISO code for Nigeria	"nga +> ?""natural gas act"";"
epr	extended producer responsibility	125	ready		"epr +> ?""extended producer responsibility"";"
twg	technical working group	125	review	competing: technical working group (104); technical working groups (21)	"twg +> ?""technical working group"";"
ippf	indigenous peoples plan framework	124	ready		"ippf +> ?""indigenous peoples plan framework"";"
ndrrmp	national disaster risk reduction management plan	124	ready		"ndrrmp +> ?""national disaster risk reduction management plan"";"
res	renewable energy sources	124	review	competing: renewable energy sources (103); regional evaluation specialist (21)	"res +> ?""renewable energy sources"";"
csp	concentrated solar power	124	ready		"csp +> ?""concentrated solar power"";"
mwe	ministry water environment	123	ready		"mwe +> ?""ministry water environment"";"
ly	latest reported year	122	ready		"ly +> ?""latest reported year"";"
cef	connecting europe facility	121	ready		"cef +> ?""connecting europe facility"";"
ip	implementing partner	121	review	competing: implementing partner (51); investment plan (29); inspection panel (21)	"ip +> ?""implementing partner"";"
km	knowledge management	120	ready		"km +> ?""knowledge management"";"
ccra	climate change risk assessment	119	ready		"ccra +> ?""climate change risk assessment"";"
wd-oecm	world database other effective area based conservation measures	119	ready		"wd-oecm +> ?""world database other effective area based conservation measures"";"
ndma	national disaster management authority	119	review	competing: national disaster management authority (82); national disaster management agency (37)	"ndma +> ?""national disaster management authority"";"
inc	initial national communication	119	ready		"inc +> ?""initial national communication"";"
rlie	red list index ecosystems	118	ready		"rlie +> ?""red list index ecosystems"";"
grm	grievance redress mechanism	118	ready		"grm +> ?""grievance redress mechanism"";"
rfs	renewable fuel standard	117	ready		"rfs +> ?""renewable fuel standard"";"
corsia	carbon offsetting reduction scheme international aviation	117	ready		"corsia +> ?""carbon offsetting reduction scheme international aviation"";"
nsc	national steering committee	117	ready		"nsc +> ?""national steering committee"";"
cso	central statistics office	117	review	competing: central statistics office (58); civil society organizations (30); central statistical office (29)	"cso +> ?""central statistics office"";"
ldc	local distribution company	117	review	political grouping in ISO data	"ldc +> ?""local distribution company"";"
oecm	other effective area based conservation measures	116	ready		"oecm +> ?""other effective area based conservation measures"";"
nccrs	national climate change response strategy	116	ready		"nccrs +> ?""national climate change response strategy"";"
gea	guyana energy agency	114	ready		"gea +> ?""guyana energy agency"";"
ml	moderately likely	114	review	ISO-2 prefix, Malta	"ml +> ?""moderately likely"";"
ccccc	caribbean community climate change centre	114	ready		"ccccc +> ?""caribbean community climate change centre"";"
itpgrfa	international treaty plant genetic resources food agriculture	114	ready		"itpgrfa +> ?""international treaty plant genetic resources food agriculture"";"
wcs	wildlife conservation society	113	ready		"wcs +> ?""wildlife conservation society"";"
bc	black carbon	113	ready		"bc +> ?""black carbon"";"
iwrm	integrated water resources management	112	review	competing: integrated water resources management (86); integrated water resource management (26)	"iwrm +> ?""integrated water resources management"";"
cbi	confidential business information	112	ready		"cbi +> ?""confidential business information"";"
kp	kyoto protocol	112	ready		"kp +> ?""kyoto protocol"";"
ji	joint implementation	111	ready		"ji +> ?""joint implementation"";"
drc	democratic republic congo	111	ready		"drc +> ?""democratic republic congo"";"
aws	automatic weather stations	110	ready		"aws +> ?""automatic weather stations"";"
naics	north american industry classification system	110	ready		"naics +> ?""north american industry classification system"";"
cfr	code federal regulations	109	review	competing: code federal regulations (73); charter fundamental rights (36)	"cfr +> ?""code federal regulations"";"
ferc	federal energy regulatory commission	109	ready		"ferc +> ?""federal energy regulatory commission"";"
ppp	purchasing power parity	109	review	competing: purchasing power parity (71); public private partnership (38)	"ppp +> ?""purchasing power parity"";"
gdi	gender development index	108	ready		"gdi +> ?""gender development index"";"
bea	building efficiency accelerator	107	review	competing: building efficiency accelerator (77); bureau economic analysis (30)	"bea +> ?""building efficiency accelerator"";"
fip	forest investment program	107	review	competing: forest investment program (73); federal implementation plan (34)	"fip +> ?""forest investment program"";"
ostp	office science technology policy	106	ready		"ostp +> ?""office science technology policy"";"
memr	ministry energy mineral resources	106	ready		"memr +> ?""ministry energy mineral resources"";"
sa	strategic actions	106	review	ISO-2 prefix, Saudi Arabia	"sa +> ?""strategic actions"";"
ires	international recommendations energy statistics	106	ready		"ires +> ?""international recommendations energy statistics"";"
icr	information collection request	106	review	competing: information collection request (81); implementation completion report (25)	"icr +> ?""information collection request"";"
gcc	global climate coalition	106	ready		"gcc +> ?""global climate coalition"";"
eez	exclusive economic zone	106	ready		"eez +> ?""exclusive economic zone"";"
lb	living biomass	105	review	ISO-2 prefix, Libya	"lb +> ?""living biomass"";"
gri	global reporting initiative	104	ready		"gri +> ?""global reporting initiative"";"
ods	ozone depleting substances	104	ready		"ods +> ?""ozone depleting substances"";"
icat	initiative climate action transparency	103	ready		"icat +> ?""initiative climate action transparency"";"
eeaa	egyptian environmen tal affairs agency	103	review	competing: egyptian environmen tal affairs agency (73); egyptian environmental affairs agency (30)	"eeaa +> ?""egyptian environmen tal affairs agency"";"
leds	low emissions development strategy	103	review	competing: low emissions development strategy (61); low emission development strategy (42)	"leds +> ?""low emissions development strategy"";"
nso	national statistics office	102	review	competing: national statistics office (65); national statistical office (37)	"nso +> ?""national statistics office"";"
iom	international organization migration	101	ready		"iom +> ?""international organization migration"";"
ber	biodiversity expenditure review	101	ready		"ber +> ?""biodiversity expenditure review"";"
oep	office environmental protection	100	review	competing: office environmental protection (72); office energy projects (28)	"oep +> ?""office environmental protection"";"
tac	technical advisory committee	100	ready		"tac +> ?""technical advisory committee"";"
crf	common reporting format	100	review	competing: common reporting format (62); common reporting framework (38)	"crf +> ?""common reporting format"";"
cdb	caribbean development bank	99	ready		"cdb +> ?""caribbean development bank"";"
lc	least concern	99	review	ISO-2 prefix, Saint Lucia	"lc +> ?""least concern"";"
sprep	secretariat pacific regional environment programme	98	ready		"sprep +> ?""secretariat pacific regional environment programme"";"
jetp	just energy transition partnership	98	ready		"jetp +> ?""just energy transition partnership"";"
mat	mutually agreed terms	98	ready		"mat +> ?""mutually agreed terms"";"
nmfr	near miss frequency rate	98	ready		"nmfr +> ?""near miss frequency rate"";"
rema	rwanda environment management authority	97	ready		"rema +> ?""rwanda environment management authority"";"
redd+	reducing emissions deforestation forest degradation	97	ready		"redd+ +> ?""reducing emissions deforestation forest degradation"";"
sfm	sustainable forest management	96	ready		"sfm +> ?""sustainable forest management"";"
prsp	poverty reduction strategy paper	96	ready		"prsp +> ?""poverty reduction strategy paper"";"
spc	secretariat pacific community	96	ready		"spc +> ?""secretariat pacific community"";"
csr	corporate social responsibility	95	ready		"csr +> ?""corporate social responsibility"";"
ccd	climate change department	95	review	competing: climate change department (51); climate change division (44)	"ccd +> ?""climate change department"";"
ltifr	lost time injury frequency rate	94	ready		"ltifr +> ?""lost time injury frequency rate"";"
pb	project board	94	ready		"pb +> ?""project board"";"
hcvf	high conservation value forest	93	ready		"hcvf +> ?""high conservation value forest"";"
nfms	national forest monitoring system	93	ready		"nfms +> ?""national forest monitoring system"";"
ctcn	climate technology centre network	93	ready		"ctcn +> ?""climate technology centre network"";"
npv	net present value	92	ready		"npv +> ?""net present value"";"
rc	recovery cost	92	review	competing: recovery cost (70); responsible care (22)	"rc +> ?""recovery cost"";"
meps	minimum energy performance standards	92	review	competing: minimum energy performance standards (65); minimum energy performance standard (27)	"meps +> ?""minimum energy performance standards"";"
iplc	indigenous peoples local communities	91	ready		"iplc +> ?""indigenous peoples local communities"";"
iica	inter american institute cooperation agriculture	88	ready		"iica +> ?""inter american institute cooperation agriculture"";"
bfsf	belize fund sustainable future	88	ready		"bfsf +> ?""belize fund sustainable future"";"
nrc	national research council	88	review	competing: national research council (49); nuclear regulatory commission (39)	"nrc +> ?""national research council"";"
ceo	chief executive officer	86	ready		"ceo +> ?""chief executive officer"";"
serac	social economic rights action center	86	review	competing: social economic rights action center (44); social economic rights action centre (42)	"serac +> ?""social economic rights action center"";"
sst	sea surface temperature	86	ready		"sst +> ?""sea surface temperature"";"
iisd	international institute sustainable development	85	ready		"iisd +> ?""international institute sustainable development"";"
knecs	kenya national electric cooking strategy	84	ready		"knecs +> ?""kenya national electric cooking strategy"";"
eccc	environment climate change canada	84	ready		"eccc +> ?""environment climate change canada"";"
sec	securities exchange commission	84	ready		"sec +> ?""securities exchange commission"";"
sap	simplified approval process	84	ready		"sap +> ?""simplified approval process"";"
nep	national environmental policy	84	review	competing: national environmental policy (63); national energy policy (21)	"nep +> ?""national environmental policy"";"
cc	climate change	83	review	competing: climate change (62); combination categories (21)	"cc +> ?""climate change"";"
popp	programme operations policies procedures	83	ready		"popp +> ?""programme operations policies procedures"";"
nt	near threatened	82	ready		"nt +> ?""near threatened"";"
mtbe	methyl tertiary butyl ether	82	ready		"mtbe +> ?""methyl tertiary butyl ether"";"
wbcsd	world business council sustainable development	82	ready		"wbcsd +> ?""world business council sustainable development"";"
iwmi	international water management institute	81	ready		"iwmi +> ?""international water management institute"";"
dti	department trade industry	81	ready		"dti +> ?""department trade industry"";"
eo	environmental objectives	81	review	competing: environmental objectives (55); executive order (26)	"eo +> ?""environmental objectives"";"
bess	battery energy storage system	81	review	competing: battery energy storage system (51); battery energy storage systems (30)	"bess +> ?""battery energy storage system"";"
sadc	southern african development community	81	ready		"sadc +> ?""southern african development community"";"
lu	livestock units	81	review	ISO-2 prefix, Luxembourg	"lu +> ?""livestock units"";"
nsdrm	national strategy disaster risk management	80	ready		"nsdrm +> ?""national strategy disaster risk management"";"
react	renewable energy adaptation climate technologies	80	ready		"react +> ?""renewable energy adaptation climate technologies"";"
nsa	namibia statistics agency	80	ready		"nsa +> ?""namibia statistics agency"";"
gcv	gross caloric value	80	review	competing: gross caloric value (53); gross calorific value (27)	"gcv +> ?""gross caloric value"";"
mia	minamata initial assessment	80	review	competing: minamata initial assessment (48); ministry internal affairs (32)	"mia +> ?""minamata initial assessment"";"
bod	biochemical oxygen demand	80	review	competing: biochemical oxygen demand (60); biological oxygen demand (20)	"bod +> ?""biochemical oxygen demand"";"
ffs	farmer field schools	79	ready		"ffs +> ?""farmer field schools"";"
ead	environmental affairs department	79	review	competing: environmental affairs department (53); expected annual damage (26)	"ead +> ?""environmental affairs department"";"
cwa	clean water act	79	ready		"cwa +> ?""clean water act"";"
iarc	international agency research cancer	78	ready		"iarc +> ?""international agency research cancer"";"
gni	gross national income	78	ready		"gni +> ?""gross national income"";"
rcp	representative concentration pathway	78	review	competing: representative concentration pathway (46); representative concentration pathways (32)	"rcp +> ?""representative concentration pathway"";"
wef	world economic forum	77	ready		"wef +> ?""world economic forum"";"
met	ministry environment tourism	77	ready		"met +> ?""ministry environment tourism"";"
necp	national energy climate plan	77	review	already a rule in documents.sr	"necp +> ?""national energy climate plan"";"
nfwi	national forest wildlife inventory	76	ready		"nfwi +> ?""national forest wildlife inventory"";"
eagf	european agricultural guarantee fund	76	ready		"eagf +> ?""european agricultural guarantee fund"";"
pdo	project development objective	76	ready		"pdo +> ?""project development objective"";"
anr	assisted natural regeneration	76	ready		"anr +> ?""assisted natural regeneration"";"
dcc	department climate change	76	ready		"dcc +> ?""department climate change"";"
nim	national implementation modality	76	ready		"nim +> ?""national implementation modality"";"
sigi	social institutions gender index	75	ready		"sigi +> ?""social institutions gender index"";"
denr	department environment natural resources	75	ready		"denr +> ?""department environment natural resources"";"
rfo	residual fuel oil	75	ready		"rfo +> ?""residual fuel oil"";"
aeo	annual energy outlook	75	ready		"aeo +> ?""annual energy outlook"";"
bee	bureau energy efficiency	75	ready		"bee +> ?""bureau energy efficiency"";"
clc	corine land cover	75	ready		"clc +> ?""corine land cover"";"
irr	internal rate return	75	ready		"irr +> ?""internal rate return"";"
cpi	consumer price index	75	review	competing: consumer price index (49); climate policy initiative (26)	"cpi +> ?""consumer price index"";"
pcu	project coordination unit	74	ready		"pcu +> ?""project coordination unit"";"
cif	climate investment funds	74	ready		"cif +> ?""climate investment funds"";"
wii	weather index insurance	74	review	competing: weather index insurance (51); wildlife institute india (23)	"wii +> ?""weather index insurance"";"
sesp	social environmental screening procedure	74	ready		"sesp +> ?""social environmental screening procedure"";"
fsc	forest stewardship council	73	ready		"fsc +> ?""forest stewardship council"";"
gfc	guyana forestry commission	73	ready		"gfc +> ?""guyana forestry commission"";"
til	technical information library	73	ready		"til +> ?""technical information library"";"
ipbes	intergovernmental science policy platform biodiversity ecosystem services	73	ready		"ipbes +> ?""intergovernmental science policy platform biodiversity ecosystem services"";"
neap	national environmental action plan	73	ready		"neap +> ?""national environmental action plan"";"
tsd	technical support document	72	ready		"tsd +> ?""technical support document"";"
boem	bureau ocean energy management	72	ready		"boem +> ?""bureau ocean energy management"";"
sami	south africa s mineral industry	71	ready		"sami +> ?""south africa s mineral industry"";"
ansi	american national standards institute	71	ready		"ansi +> ?""american national standards institute"";"
au	aarhus university	71	review	ISO-2 prefix, Austria	"au +> ?""aarhus university"";"
piu	project implementation unit	71	ready		"piu +> ?""project implementation unit"";"
ncip	national crop insurance programme	70	ready		"ncip +> ?""national crop insurance programme"";"
mic	ministry industry commerce	70	ready		"mic +> ?""ministry industry commerce"";"
ifpri	international food policy research institute	70	ready		"ifpri +> ?""international food policy research institute"";"
netl	national energy technology laboratory	70	ready		"netl +> ?""national energy technology laboratory"";"
nhtsa	national highway traffic safety administration	70	ready		"nhtsa +> ?""national highway traffic safety administration"";"
cdr	carbon dioxide removal	70	ready		"cdr +> ?""carbon dioxide removal"";"
brt	bus rapid transit	69	ready		"brt +> ?""bus rapid transit"";"
satp	standard ambient temperature pressure	69	ready		"satp +> ?""standard ambient temperature pressure"";"
icep	index coastal eutrophication potential	69	review	competing: index coastal eutrophication potential (46); indicator coastal eutrophication potential (23)	"icep +> ?""index coastal eutrophication potential"";"
nasa	national aeronautics space administration	68	ready		"nasa +> ?""national aeronautics space administration"";"
rr	resident representative	68	ready		"rr +> ?""resident representative"";"
gwec	global wind energy council	68	ready		"gwec +> ?""global wind energy council"";"
mt	metric tonnes	68	review	competing: metric tonnes (23); metric tons (23); ministry transport (22)	"mt +> ?""metric tonnes"";"
jcm	joint crediting mechanism	67	ready		"jcm +> ?""joint crediting mechanism"";"
ida	international development association	67	ready		"ida +> ?""international development association"";"
dgef	director ate general environ ment forests	67	ready		"dgef +> ?""director ate general environ ment forests"";"
gber	general block exemption regulation	67	ready		"gber +> ?""general block exemption regulation"";"
def	department environment forests	67	ready		"def +> ?""department environment forests"";"
isic	international standard industrial classification	67	ready		"isic +> ?""international standard industrial classification"";"
mhp	mini hydro power	66	ready		"mhp +> ?""mini hydro power"";"
iccpr	international covenant civil political rights	66	ready		"iccpr +> ?""international covenant civil political rights"";"
undaf	united nations development assistance framework	65	ready		"undaf +> ?""united nations development assistance framework"";"
needs	national electric energy data system	65	ready		"needs +> ?""national electric energy data system"";"
sei	stockholm environment institute	65	ready		"sei +> ?""stockholm environment institute"";"
ptc	project technical coordinator	65	review	competing: project technical coordinator (45); project technical committee (20)	"ptc +> ?""project technical coordinator"";"
folu	forestry other land use	65	review	competing: forestry other land use (42); forest other land use (23)	"folu +> ?""forestry other land use"";"
tsms	turkish state meteorological service	65	ready		"tsms +> ?""turkish state meteorological service"";"
sip	state implementation plan	65	ready		"sip +> ?""state implementation plan"";"
hap	hazardous air pollutants	65	ready		"hap +> ?""hazardous air pollutants"";"
afd	annual financial commitments french development	64	ready		"afd +> ?""annual financial commitments french development"";"
ands	afghanistan national development strategy	63	ready		"ands +> ?""afghanistan national development strategy"";"
pfan	private financing advisory network	63	ready		"pfan +> ?""private financing advisory network"";"
dr	demand response	63	review	competing: demand response (37); designated representative (26)	"dr +> ?""demand response"";"
kba	key biodiversity areas	63	review	competing: key biodiversity areas (34); key biodiversity area (29)	"kba +> ?""key biodiversity areas"";"
ndmo	national disaster management office	62	ready		"ndmo +> ?""national disaster management office"";"
iied	international institute environment development	62	ready		"iied +> ?""international institute environment development"";"
rmi	rocky mountain institute	62	review	competing: rocky mountain institute (42); republic marshall islands (20)	"rmi +> ?""rocky mountain institute"";"
eps	earnings per share	62	ready		"eps +> ?""earnings per share"";"
nhpa	national historic preservation act	62	ready		"nhpa +> ?""national historic preservation act"";"
echr	european convention human rights	61	ready		"echr +> ?""european convention human rights"";"
png	papua new guinea	61	review	ISO code for Papua New Guinea	"png +> ?""papua new guinea"";"
cafe	corporate average fuel economy	61	ready		"cafe +> ?""corporate average fuel economy"";"
eaf	electric arc furnace	61	ready		"eaf +> ?""electric arc furnace"";"
czmai	coastal zone management authority institute	61	ready		"czmai +> ?""coastal zone management authority institute"";"
rle	red list ecosystems	61	ready		"rle +> ?""red list ecosystems"";"
dilg	department interior local government	61	ready		"dilg +> ?""department interior local government"";"
spcr	strategic programme climate resilience	61	review	competing: strategic programme climate resilience (34); strategic program climate resilience (27)	"spcr +> ?""strategic programme climate resilience"";"
ieo	independent evaluation office	61	ready		"ieo +> ?""independent evaluation office"";"
egr	estimated gross revenue	61	review	competing: estimated gross revenue (32); exhaust gas recirculation (29)	"egr +> ?""estimated gross revenue"";"
nic	national inventory compiler	60	review	ISO code for Nicaragua	"nic +> ?""national inventory compiler"";"
saifi	system average interruption frequency index	60	ready		"saifi +> ?""system average interruption frequency index"";"
epri	electric power research institute	60	ready		"epri +> ?""electric power research institute"";"
lucf	land use change forestry	60	ready		"lucf +> ?""land use change forestry"";"
ems	environmental management system	60	review	competing: environmental management system (36); energy management system (24)	"ems +> ?""environmental management system"";"
eesl	energy efficiency services limited	59	ready		"eesl +> ?""energy efficiency services limited"";"
idp	information disclosure policy	59	ready		"idp +> ?""information disclosure policy"";"
ppa	power purchase agreement	59	ready		"ppa +> ?""power purchase agreement"";"
cbam	carbon border adjustment mechanism	59	ready		"cbam +> ?""carbon border adjustment mechanism"";"
sar	second assessment report	59	ready		"sar +> ?""second assessment report"";"
msfd	marine strategy framework directive	59	ready		"msfd +> ?""marine strategy framework directive"";"
mms	manure management system	59	ready		"mms +> ?""manure management system"";"
list	luxembourg institute science technology	59	ready		"list +> ?""luxembourg institute science technology"";"
nrmp	national rangeland management policy	58	ready		"nrmp +> ?""national rangeland management policy"";"
saidi	system average interruption duration index	58	ready		"saidi +> ?""system average interruption duration index"";"
sawep	south africa wind energy programme	58	ready		"sawep +> ?""south africa wind energy programme"";"
ma	ministry agriculture	58	review	ISO-2 prefix, Morocco	"ma +> ?""ministry agriculture"";"
dmi	danish meteorological institute	58	ready		"dmi +> ?""danish meteorological institute"";"
cs	country specific	57	ready		"cs +> ?""country specific"";"
al	agricultural land	57	review	ISO-2 prefix, Albania	"al +> ?""agricultural land"";"
mcrace	mashare climate resilient agriculture centre excellence	57	ready		"mcrace +> ?""mashare climate resilient agriculture centre excellence"";"
la	level assessment	57	review	ISO-2 prefix, Lao People's Democratic Republic	"la +> ?""level assessment"";"
gsp	global support programme	57	review	competing: global support programme (33); global support program (24)	"gsp +> ?""global support programme"";"
ccc	climate change commission	57	review	competing: climate change commission (32); climate change committee (25)	"ccc +> ?""climate change commission"";"
wbg	world bank group	57	ready		"wbg +> ?""world bank group"";"
smhi	swedish meteorological hydrological institute	57	ready		"smhi +> ?""swedish meteorological hydrological institute"";"
nip	national implementation plan	56	ready		"nip +> ?""national implementation plan"";"
hhs	health human services	56	ready		"hhs +> ?""health human services"";"
mmt	million metric tons	56	ready		"mmt +> ?""million metric tons"";"
sri	system rice intensification	56	ready		"sri +> ?""system rice intensification"";"
sc	steering committee	56	ready		"sc +> ?""steering committee"";"
dd	data deficient	56	ready		"dd +> ?""data deficient"";"
fl	forest land	56	ready		"fl +> ?""forest land"";"
lgma	local governments municipal authorities	56	ready		"lgma +> ?""local governments municipal authorities"";"
mta	material transfer agreement	55	ready		"mta +> ?""material transfer agreement"";"
luc	land use change	55	ready		"luc +> ?""land use change"";"
gfdrr	global facility disaster reduction recovery	55	ready		"gfdrr +> ?""global facility disaster reduction recovery"";"
fsi	forest survey india	55	ready		"fsi +> ?""forest survey india"";"
ca	conservation agriculture	55	review	ISO-2 prefix, Central African Republic	"ca +> ?""conservation agriculture"";"
nds	national development strategy	55	ready		"nds +> ?""national development strategy"";"
naruc	national association regulatory utility commissioners	55	ready		"naruc +> ?""national association regulatory utility commissioners"";"
cat	climate action tracker	54	ready		"cat +> ?""climate action tracker"";"
its	intelligent transport systems	54	ready		"its +> ?""intelligent transport systems"";"
mac	marginal abatement cost	54	ready		"mac +> ?""marginal abatement cost"";"
eed	energy efficiency directive	54	ready		"eed +> ?""energy efficiency directive"";"
cesr	center economic social rights	53	ready		"cesr +> ?""center economic social rights"";"
gcca	global climate change alliance	53	ready		"gcca +> ?""global climate change alliance"";"
iasb	international accounting standards board	53	ready		"iasb +> ?""international accounting standards board"";"
mpi	ministry planning investment	53	review	competing: ministry planning investment (31); multidimensional poverty index (22)	"mpi +> ?""ministry planning investment"";"
hrsg	heat recovery steam generating	53	ready		"hrsg +> ?""heat recovery steam generating"";"
tsr	total shareholder return	52	ready		"tsr +> ?""total shareholder return"";"
eis	environmental impact statement	52	ready		"eis +> ?""environmental impact statement"";"
pf	project financing	52	ready		"pf +> ?""project financing"";"
cdp	carbon disclosure project	52	ready		"cdp +> ?""carbon disclosure project"";"
nccap	national climate change action plan	52	ready		"nccap +> ?""national climate change action plan"";"
cbit	capacity building initiative transparency	52	ready		"cbit +> ?""capacity building initiative transparency"";"
nreap	national renewable energy action plan	52	ready		"nreap +> ?""national renewable energy action plan"";"
abs	access benefit sharing	52	review	competing: access benefit sharing (29); access benefit sharing scheme (23)	"abs +> ?""access benefit sharing"";"
nps	net promoter score	51	ready		"nps +> ?""net promoter score"";"
undrr	united nations office disaster risk reduction	51	ready		"undrr +> ?""united nations office disaster risk reduction"";"
csir	council scientific industrial research	51	ready		"csir +> ?""council scientific industrial research"";"
sdc	swiss agency development cooperation	51	ready		"sdc +> ?""swiss agency development cooperation"";"
iris	integrated risk information system	51	ready		"iris +> ?""integrated risk information system"";"
ocsla	outer continental shelf lands act	51	ready		"ocsla +> ?""outer continental shelf lands act"";"
esp	environmental social policy	51	review	ISO code for Spain	"esp +> ?""environmental social policy"";"
cbs	community baboon sanctuary	51	review	competing: community baboon sanctuary (26); central bureau statistics (25)	"cbs +> ?""community baboon sanctuary"";"
npfe	national portfolio formulation exercise	50	ready		"npfe +> ?""national portfolio formulation exercise"";"
pmr	partnership market readiness	50	ready		"pmr +> ?""partnership market readiness"";"
pac	protected areas commission	50	review	competing: protected areas commission (28); project advisory committee (22)	"pac +> ?""protected areas commission"";"
ges	government economic service	50	review	competing: government economic service (27); good environmental status (23)	"ges +> ?""government economic service"";"
sso	sectoral strategic objective	50	review	competing: sectoral strategic objective (27); sectoral strategic objectives (23)	"sso +> ?""sectoral strategic objective"";"
depa	danish environmental protection agency	49	ready		"depa +> ?""danish environmental protection agency"";"
jrc	joint research centre	49	ready		"jrc +> ?""joint research centre"";"
egat	electricity generating authority thailand	49	ready		"egat +> ?""electricity generating authority thailand"";"
ace	action climate empowerment	49	ready		"ace +> ?""action climate empowerment"";"
ndpc	national development planning commission	49	ready		"ndpc +> ?""national development planning commission"";"
neda	national economic development authority	48	ready		"neda +> ?""national economic development authority"";"
wrma	water resources management agency	48	ready		"wrma +> ?""water resources management agency"";"
fca	fiat chrysler automobiles	48	review	already a rule in documents.sr	"fca +> ?""fiat chrysler automobiles"";"
oas	organization american states	48	ready		"oas +> ?""organization american states"";"
nmfs	national marine fisheries service	48	ready		"nmfs +> ?""national marine fisheries service"";"
nsds	national sustainable development strategy	47	ready		"nsds +> ?""national sustainable development strategy"";"
nei	national emissions inventory	47	ready		"nei +> ?""national emissions inventory"";"
dsi	digital sequence information	47	ready		"dsi +> ?""digital sequence information"";"
mi	mission innovation	47	review	competing: mission innovation (26); ministry interior (21)	"mi +> ?""mission innovation"";"
eor	enhanced oil recovery	47	ready		"eor +> ?""enhanced oil recovery"";"
vcs	verified carbon standard	47	review	competing: verified carbon standard (24); voluntary consensus standards (23)	"vcs +> ?""verified carbon standard"";"
mwi	ministry water irrigation	46	review	ISO code for Malawi	"mwi +> ?""ministry water irrigation"";"
fec	final energy consumption	46	ready		"fec +> ?""final energy consumption"";"
vs	volatile solids	46	review	competing: volatile solids (26); volatile solid (20)	"vs +> ?""volatile solids"";"
ons	o national statistic	46	review	competing: o national statistic (26); office national statistics (20)	"ons +> ?""o national statistic"";"
nsdp	national strategic development plan	46	review	competing: national strategic development plan (24); national sustainable development plan (22)	"nsdp +> ?""national strategic development plan"";"
cf	carbon fraction	46	ready		"cf +> ?""carbon fraction"";"
niip	national inventory improvement plan	46	ready		"niip +> ?""national inventory improvement plan"";"
bp	british petroleum	45	ready		"bp +> ?""british petroleum"";"
bac	building adaptive capacity	45	ready		"bac +> ?""building adaptive capacity"";"
pr	paris reinforce	45	review	ISO-2 prefix, Portugal	"pr +> ?""paris reinforce"";"
mtc	ministry transport communications	45	ready		"mtc +> ?""ministry transport communications"";"
sis	safeguards information system	45	ready		"sis +> ?""safeguards information system"";"
nssg	national statistical service greece	45	ready		"nssg +> ?""national statistical service greece"";"
mea	metropolitan electricity authority	45	ready		"mea +> ?""metropolitan electricity authority"";"
es	electricity system	45	review	ISO-2 prefix, Western Sahara	"es +> ?""electricity system"";"
nec	national environment commission	45	review	competing: national environment commission (23); national environmental council (22)	"nec +> ?""national environment commission"";"
gto	gef technical officers	44	ready		"gto +> ?""gef technical officers"";"
apua	antigua public utilities authority	44	ready		"apua +> ?""antigua public utilities authority"";"
nta	national transport authority	44	ready		"nta +> ?""national transport authority"";"
spr	statutory performance requirements	44	ready		"spr +> ?""statutory performance requirements"";"
eeos	energy efficiency obligation scheme	44	ready		"eeos +> ?""energy efficiency obligation scheme"";"
ippc	integrated pollution prevention control	44	ready		"ippc +> ?""integrated pollution prevention control"";"
usgs	united states geological survey	44	ready		"usgs +> ?""united states geological survey"";"
mard	ministry agriculture rural development	44	ready		"mard +> ?""ministry agriculture rural development"";"
ccu	climate change unit	44	review	competing: climate change unit (24); carbon capture utilization (20)	"ccu +> ?""climate change unit"";"
sop	standard operating procedures	44	review	competing: standard operating procedures (23); standard operating procedure (21)	"sop +> ?""standard operating procedures"";"
fda	forestry development authority	44	review	competing: forestry development authority (22); food drug administration (22)	"fda +> ?""forestry development authority"";"
cd	country director	43	ready		"cd +> ?""country director"";"
nea	national environment agency	43	ready		"nea +> ?""national environment agency"";"
nisr	national institute statistics rwanda	43	ready		"nisr +> ?""national institute statistics rwanda"";"
sanbi	south african national biodiversity institute	43	ready		"sanbi +> ?""south african national biodiversity institute"";"
cabei	central american bank economic integration	43	ready		"cabei +> ?""central american bank economic integration"";"
dsm	demand side management	42	ready		"dsm +> ?""demand side management"";"
rgr	required gross revenue	42	ready		"rgr +> ?""required gross revenue"";"
psa	philippine statistics authority	42	ready		"psa +> ?""philippine statistics authority"";"
nbmp	national biodiversity monitoring program	42	ready		"nbmp +> ?""national biodiversity monitoring program"";"
fmrl	forest management reference level	42	ready		"fmrl +> ?""forest management reference level"";"
nemc	national environment management council	42	ready		"nemc +> ?""national environment management council"";"
rdb	rwanda development board	42	ready		"rdb +> ?""rwanda development board"";"
chm	clearing house mechanism	42	ready		"chm +> ?""clearing house mechanism"";"
cciep	coordination committee international environmental policy	42	ready		"cciep +> ?""coordination committee international environmental policy"";"
fod	first order decay	42	ready		"fod +> ?""first order decay"";"
fc	forestry commission	42	ready		"fc +> ?""forestry commission"";"
dcd	deputy country director	42	ready		"dcd +> ?""deputy country director"";"
amap	arctic monitoring assessment programme	42	ready		"amap +> ?""arctic monitoring assessment programme"";"
ecn	energy commission nigeria	42	review	competing: energy commission nigeria (21); early career network (21)	"ecn +> ?""energy commission nigeria"";"
jtf	just transition fund	42	ready		"jtf +> ?""just transition fund"";"
itl	independent transaction log	41	ready		"itl +> ?""independent transaction log"";"
npm	national project manager	41	ready		"npm +> ?""national project manager"";"
gem	gas emissions model	41	ready		"gem +> ?""gas emissions model"";"
mpis	mdb project implementation supervision	41	ready		"mpis +> ?""mdb project implementation supervision"";"
esmap	energy sector management assistance program	41	ready		"esmap +> ?""energy sector management assistance program"";"
pec	primary energy consumption	41	ready		"pec +> ?""primary energy consumption"";"
cii	confederation indian industry	41	ready		"cii +> ?""confederation indian industry"";"
msp	marine spatial planning	41	ready		"msp +> ?""marine spatial planning"";"
nerc	north american electric reliability corporation	41	ready		"nerc +> ?""north american electric reliability corporation"";"
pee	project executing entity	41	ready		"pee +> ?""project executing entity"";"
seea-ea	system environmental economic accounting ecosystem accounting	40	ready		"seea-ea +> ?""system environmental economic accounting ecosystem accounting"";"
gesi	gender equality social inclusion	40	ready		"gesi +> ?""gender equality social inclusion"";"
cea	central electricity authority	40	ready		"cea +> ?""central electricity authority"";"
npas	national protected areas system	40	ready		"npas +> ?""national protected areas system"";"
of	oxidation factor	39	ready		"of +> ?""oxidation factor"";"
gb	gilgit baltistan	39	review	ISO-2 prefix, United Kingdom	"gb +> ?""gilgit baltistan"";"
mtef	medium term expenditure framework	39	ready		"mtef +> ?""medium term expenditure framework"";"
icfre	indian council forestry research education	39	ready		"icfre +> ?""indian council forestry research education"";"
barmm	bangsamoro autonomous region muslim mindanao	39	ready		"barmm +> ?""bangsamoro autonomous region muslim mindanao"";"
prw	programma naar een rijke waddenzee	39	ready		"prw +> ?""programma naar een rijke waddenzee"";"
steo	short term energy outlook	39	ready		"steo +> ?""short term energy outlook"";"
nsia	national statistics information authority	39	ready		"nsia +> ?""national statistics information authority"";"
apecs	association polar early career scientist	39	ready		"apecs +> ?""association polar early career scientist"";"
step	strategic technologies europe platform	39	ready		"step +> ?""strategic technologies europe platform"";"
ifrs	international financial reporting standards	39	ready		"ifrs +> ?""international financial reporting standards"";"
pea	provincial electricity authority	39	ready		"pea +> ?""provincial electricity authority"";"
meb	ministr y energy busines	39	ready		"meb +> ?""ministr y energy busines"";"
fdre	federal democratic republic ethiopia	39	ready		"fdre +> ?""federal democratic republic ethiopia"";"
mf	ministry finance	38	ready		"mf +> ?""ministry finance"";"
dm	disaster management	38	review	ISO-2 prefix, Dominica	"dm +> ?""disaster management"";"
sesa	strategic environmental social assessment	38	ready		"sesa +> ?""strategic environmental social assessment"";"
frl	forest reference level	38	ready		"frl +> ?""forest reference level"";"
neri	national environmental research institute	38	ready		"neri +> ?""national environmental research institute"";"
waj	water authority jordan	38	ready		"waj +> ?""water authority jordan"";"
paho	pan american health organization	38	ready		"paho +> ?""pan american health organization"";"
guan	gcos upper air network	38	ready		"guan +> ?""gcos upper air network"";"
ciel	center international environmental law	38	ready		"ciel +> ?""center international environmental law"";"
uncbd	united nations convention biological diversity	38	ready		"uncbd +> ?""united nations convention biological diversity"";"
dwr	department water resources	38	ready		"dwr +> ?""department water resources"";"
pse	process safety event	38	review	ISO code for Palestine	"pse +> ?""process safety event"";"
ciee	cleantech innovation entrepreneurship ecosystem	38	ready		"ciee +> ?""cleantech innovation entrepreneurship ecosystem"";"
caidi	customer average interruption duration index	38	ready		"caidi +> ?""customer average interruption duration index"";"
gio	gas inventory office	37	ready		"gio +> ?""gas inventory office"";"
osf	official statistics finland	37	ready		"osf +> ?""official statistics finland"";"
frv	favorable reference value	37	ready		"frv +> ?""favorable reference value"";"
vat	value added tax	37	ready		"vat +> ?""value added tax"";"
nem	network ecological monitoring	37	ready		"nem +> ?""network ecological monitoring"";"
ngl	natural gas liquids	37	ready		"ngl +> ?""natural gas liquids"";"
ccag	climate change adaptation groups	37	ready		"ccag +> ?""climate change adaptation groups"";"
mvp	minimum viable population	37	ready		"mvp +> ?""minimum viable population"";"
taf	technical assistance facility	36	ready		"taf +> ?""technical assistance facility"";"
eiec	environmental information education center	36	ready		"eiec +> ?""environmental information education center"";"
csiro	commonwealth scientific industrial research organisation	36	ready		"csiro +> ?""commonwealth scientific industrial research organisation"";"
eei	edison electric institute	36	ready		"eei +> ?""edison electric institute"";"
it	information technology	36	review	ISO-2 prefix, Italy	"it +> ?""information technology"";"
has	high alternative scenario	36	ready		"has +> ?""high alternative scenario"";"
unhcr	united nations high commissioner refugees	36	ready		"unhcr +> ?""united nations high commissioner refugees"";"
irp	integrated resource plan	36	ready		"irp +> ?""integrated resource plan"";"
opm	office prime minister	36	ready		"opm +> ?""office prime minister"";"
ttbis	trinidad tobago biodiversity information system	36	ready		"ttbis +> ?""trinidad tobago biodiversity information system"";"
bbs	bangladesh bureau statistics	36	ready		"bbs +> ?""bangladesh bureau statistics"";"
rss	royal scientific society	35	ready		"rss +> ?""royal scientific society"";"
esmr	environmental social management report	35	ready		"esmr +> ?""environmental social management report"";"
mpwt	ministry public works transport	35	ready		"mpwt +> ?""ministry public works transport"";"
pame	protected area management effectiveness	35	ready		"pame +> ?""protected area management effectiveness"";"
ibrd	international bank reconstruction development	35	ready		"ibrd +> ?""international bank reconstruction development"";"
dna	designated national authority	35	ready		"dna +> ?""designated national authority"";"
aai	alliance automotive innovation	35	ready		"aai +> ?""alliance automotive innovation"";"
weee	waste electrical electronic equipment	35	ready		"weee +> ?""waste electrical electronic equipment"";"
cfo	chief financial officer	35	ready		"cfo +> ?""chief financial officer"";"
des	data exchange standard	34	ready		"des +> ?""data exchange standard"";"
nbis	national biodiversity information system	34	ready		"nbis +> ?""national biodiversity information system"";"
dpwh	department public works highways	34	ready		"dpwh +> ?""department public works highways"";"
ungc	united nations global compact	34	ready		"ungc +> ?""united nations global compact"";"
ress	rechargeable energy storage system	34	ready		"ress +> ?""rechargeable energy storage system"";"
si	strategic interventions	34	ready		"si +> ?""strategic interventions"";"
fpa	federal power act	34	ready		"fpa +> ?""federal power act"";"
gam	greater amman municipality	34	ready		"gam +> ?""greater amman municipality"";"
scap	species conservation action plan	34	ready		"scap +> ?""species conservation action plan"";"
hcc	high council climate	34	ready		"hcc +> ?""high council climate"";"
fata	federally administered tribal areas	33	ready		"fata +> ?""federally administered tribal areas"";"
gcrmn	global coral reef monitoring network	33	ready		"gcrmn +> ?""global coral reef monitoring network"";"
scrap	students challenging regulatory agency procedures	33	ready		"scrap +> ?""students challenging regulatory agency procedures"";"
cres	center renewable energy sources	33	ready		"cres +> ?""center renewable energy sources"";"
pedia	promoting energy efficiency developing innovative approaches	33	ready		"pedia +> ?""promoting energy efficiency developing innovative approaches"";"
tii	transport infrastructure ireland	33	ready		"tii +> ?""transport infrastructure ireland"";"
ice	information council environment	33	ready		"ice +> ?""information council environment"";"
nrdc	natural resources defense council	33	ready		"nrdc +> ?""natural resources defense council"";"
lca	life cycle assessment	33	review	ISO code for Saint Lucia	"lca +> ?""life cycle assessment"";"
cdkn	climate development knowledge network	33	ready		"cdkn +> ?""climate development knowledge network"";"
neam	national energy accounting model	33	ready		"neam +> ?""national energy accounting model"";"
mfa	ministry foreign affairs	33	ready		"mfa +> ?""ministry foreign affairs"";"
hipcs	high impact programme corporate sector	32	ready		"hipcs +> ?""high impact programme corporate sector"";"
ria	regulatory impact analysis	32	ready		"ria +> ?""regulatory impact analysis"";"
ecr	effective carbon rate	32	ready		"ecr +> ?""effective carbon rate"";"
rmd	report methods data	32	ready		"rmd +> ?""report methods data"";"
bnef	bloomberg new energy finance	32	ready		"bnef +> ?""bloomberg new energy finance"";"
siec	standard international energy product classification	32	ready		"siec +> ?""standard international energy product classification"";"
nba	national biodiversity authority	32	ready		"nba +> ?""national biodiversity authority"";"
hies	household income expenditure survey	32	ready		"hies +> ?""household income expenditure survey"";"
mie	multilateral implementing entity	32	ready		"mie +> ?""multilateral implementing entity"";"
cga	country gender assessment	32	ready		"cga +> ?""country gender assessment"";"
usa	united states america	32	review	geo synonym -> united states	"usa +> ?""united states america"";"
gsn	gcos surface network	32	ready		"gsn +> ?""gcos surface network"";"
ginr	greenland institute natural resources	32	ready		"ginr +> ?""greenland institute natural resources"";"
tgo	thailand greenhouse gas management organization	32	review	ISO code for Togo	"tgo +> ?""thailand greenhouse gas management organization"";"
agu	american geophysical union	32	ready		"agu +> ?""american geophysical union"";"
rea	rural electrifi cation authorit	32	ready		"rea +> ?""rural electrifi cation authorit"";"
pmo	project management office	32	ready		"pmo +> ?""project management office"";"
bcm	billion cubic meters	31	ready		"bcm +> ?""billion cubic meters"";"
rdp	rural development programme	31	ready		"rdp +> ?""rural development programme"";"
toe	tons oil equivalent	31	ready		"toe +> ?""tons oil equivalent"";"
gcip	global cleantech innovation programme	31	ready		"gcip +> ?""global cleantech innovation programme"";"
tcap	tuvalu coastal adaptation project	31	ready		"tcap +> ?""tuvalu coastal adaptation project"";"
mlgrd	ministry local government rural development	31	ready		"mlgrd +> ?""ministry local government rural development"";"
tpes	total primary energy supply	31	ready		"tpes +> ?""total primary energy supply"";"
fiz	far internationale zusammenarbeit	31	ready		"fiz +> ?""far internationale zusammenarbeit"";"
dpp	development production plan	31	ready		"dpp +> ?""development production plan"";"
redd	reducing emissions deforestation forest degradation	31	ready		"redd +> ?""reducing emissions deforestation forest degradation"";"
hnv	high nature value	31	ready		"hnv +> ?""high nature value"";"
usp	university south pacific	31	ready		"usp +> ?""university south pacific"";"
tar	tribal authority rule	31	ready		"tar +> ?""tribal authority rule"";"
trif	total recordable injury frequency	31	ready		"trif +> ?""total recordable injury frequency"";"
unsd	united nations statistics division	31	ready		"unsd +> ?""united nations statistics division"";"
eerc	estonian environmental research centre	31	ready		"eerc +> ?""estonian environmental research centre"";"
gbf	global biodiversity framework	31	ready		"gbf +> ?""global biodiversity framework"";"
nyserda	new york state energy research development authority	31	ready		"nyserda +> ?""new york state energy research development authority"";"
mrc	mekong river commission	31	ready		"mrc +> ?""mekong river commission"";"
shgc	solar heat gain coefficient	31	ready		"shgc +> ?""solar heat gain coefficient"";"
ilri	international livestock research institute	31	ready		"ilri +> ?""international livestock research institute"";"
bwdb	bangladesh water development board	31	ready		"bwdb +> ?""bangladesh water development board"";"
depc	department environmental protection conservation	31	ready		"depc +> ?""department environmental protection conservation"";"
nies	national institute environmental studies	31	ready		"nies +> ?""national institute environmental studies"";"
ltir	lost time incident rate	31	ready		"ltir +> ?""lost time incident rate"";"
ovl	ongc videsh ltd	31	ready		"ovl +> ?""ongc videsh ltd"";"
kmp	key management personnel	30	ready		"kmp +> ?""key management personnel"";"
pc	project coordinator	30	ready		"pc +> ?""project coordinator"";"
irri	international rice research institute	30	ready		"irri +> ?""international rice research institute"";"
oraf	operational risk assessment framework	30	ready		"oraf +> ?""operational risk assessment framework"";"
unga	united nations general assembly	30	ready		"unga +> ?""united nations general assembly"";"
ccac	climate clean air coalition	30	ready		"ccac +> ?""climate clean air coalition"";"
nie	national implementing entity	30	ready		"nie +> ?""national implementing entity"";"
cds	current development scenario	30	ready		"cds +> ?""current development scenario"";"
gcpf	global climate partnership fund	29	ready		"gcpf +> ?""global climate partnership fund"";"
dict	department information communications technology	29	ready		"dict +> ?""department information communications technology"";"
me	ministry energy	29	review	ISO-2 prefix, Mexico	"me +> ?""ministry energy"";"
anzbs	aotearoa new zealand biodiversity strategy	29	ready		"anzbs +> ?""aotearoa new zealand biodiversity strategy"";"
pmt	project management team	29	ready		"pmt +> ?""project management team"";"
cdc	centers disease control	29	ready		"cdc +> ?""centers disease control"";"
usda	united states department agriculture	29	ready		"usda +> ?""united states department agriculture"";"
agm	annual general meeting	29	ready		"agm +> ?""annual general meeting"";"
gpg	good practice guidance	29	ready		"gpg +> ?""good practice guidance"";"
ornl	oak ridge national laboratory	29	ready		"ornl +> ?""oak ridge national laboratory"";"
paf	priority action framework	29	ready		"paf +> ?""priority action framework"";"
kea	korea energy agency	29	ready		"kea +> ?""korea energy agency"";"
asme	american society mechanical engineers	28	ready		"asme +> ?""american society mechanical engineers"";"
sida	swedish international development cooperation agency	28	ready		"sida +> ?""swedish international development cooperation agency"";"
opis	oil price information service	28	ready		"opis +> ?""oil price information service"";"
nfa	national forestry authority	28	ready		"nfa +> ?""national forestry authority"";"
vmme	vice ministry mines energy	28	ready		"vmme +> ?""vice ministry mines energy"";"
iata	international air transport association	28	ready		"iata +> ?""international air transport association"";"
lhda	lesotho highlands development authority	28	ready		"lhda +> ?""lesotho highlands development authority"";"
npa	national planning authority	28	ready		"npa +> ?""national planning authority"";"
weo	world energy outlook	28	ready		"weo +> ?""world energy outlook"";"
tesda	technical education skills development authority	28	ready		"tesda +> ?""technical education skills development authority"";"
lac	latin america caribbean	28	ready		"lac +> ?""latin america caribbean"";"
po	policy objectives	28	review	ISO-2 prefix, Poland	"po +> ?""policy objectives"";"
cgiar	consultative group international agricultural research	28	ready		"cgiar +> ?""consultative group international agricultural research"";"
rri	rights resources initiative	28	ready		"rri +> ?""rights resources initiative"";"
epi	environmental performance index	28	ready		"epi +> ?""environmental performance index"";"
ieg	independent evaluation group	28	ready		"ieg +> ?""independent evaluation group"";"
nes	national environment service	28	ready		"nes +> ?""national environment service"";"
mec	ministry education culture	28	ready		"mec +> ?""ministry education culture"";"
aecd	auxiliary emission control device	28	ready		"aecd +> ?""auxiliary emission control device"";"
gao	government accountability office	28	ready		"gao +> ?""government accountability office"";"
iaasb	international auditing assurance standards board	28	ready		"iaasb +> ?""international auditing assurance standards board"";"
eqas	evaluation quality assurance system	28	ready		"eqas +> ?""evaluation quality assurance system"";"
dmh	department meteorology hydrology	27	ready		"dmh +> ?""department meteorology hydrology"";"
hcenr	higher council environment natural resources	27	ready		"hcenr +> ?""higher council environment natural resources"";"
vfdm	volta flood drought management	27	ready		"vfdm +> ?""volta flood drought management"";"
jreeef	jordan renewable energy energy efficiency fund	27	ready		"jreeef +> ?""jordan renewable energy energy efficiency fund"";"
pop	persistent organic pollutants	27	ready		"pop +> ?""persistent organic pollutants"";"
mtpp	moldavian thermal power plant	27	ready		"mtpp +> ?""moldavian thermal power plant"";"
daf	department administration finance	27	ready		"daf +> ?""department administration finance"";"
csrd	corporate sustainability reporting directive	27	ready		"csrd +> ?""corporate sustainability reporting directive"";"
mlnr	ministry lands natural resources	27	ready		"mlnr +> ?""ministry lands natural resources"";"
uk	united kingdom	27	review	geo synonym -> united kingdom	"uk +> ?""united kingdom"";"
dcp	director certification program	27	ready		"dcp +> ?""director certification program"";"
dbsa	development bank southern africa	27	ready		"dbsa +> ?""development bank southern africa"";"
teu	treaty european union	27	ready		"teu +> ?""treaty european union"";"
mm	mitigation measures	27	review	ISO-2 prefix, Myanmar	"mm +> ?""mitigation measures"";"
lged	local government engineering department	27	ready		"lged +> ?""local government engineering department"";"
ots	organiza tion tropical studies	27	ready		"ots +> ?""organiza tion tropical studies"";"
iso	international standards organization	27	ready		"iso +> ?""international standards organization"";"
menr	ministry energy natural resources	27	ready		"menr +> ?""ministry energy natural resources"";"
nfp	national focal point	27	ready		"nfp +> ?""national focal point"";"
adcp	annual data collection plan	27	ready		"adcp +> ?""annual data collection plan"";"
nccas	national climate change adaptation strategy	27	ready		"nccas +> ?""national climate change adaptation strategy"";"
uwa	uganda wildlife authority	27	ready		"uwa +> ?""uganda wildlife authority"";"
leg	least developed countries expert group	27	ready		"leg +> ?""least developed countries expert group"";"
unops	united nations office project services	27	ready		"unops +> ?""united nations office project services"";"
hcmr	hellenic centre marine research	27	ready		"hcmr +> ?""hellenic centre marine research"";"
ged	general economics division	27	ready		"ged +> ?""general economics division"";"
saicm	strategic approach international chemicals management	27	ready		"saicm +> ?""strategic approach international chemicals management"";"
iwg	interagency working group	27	ready		"iwg +> ?""interagency working group"";"
snap	significant new alternatives policy	27	ready		"snap +> ?""significant new alternatives policy"";"
ffgs	flash flood guidance system	26	ready		"ffgs +> ?""flash flood guidance system"";"
nstda	national science technology development agency	26	ready		"nstda +> ?""national science technology development agency"";"
jva	jordan valley authority	26	ready		"jva +> ?""jordan valley authority"";"
ioc	indian ocean commission	26	ready		"ioc +> ?""indian ocean commission"";"
tof	trees outside forests	26	ready		"tof +> ?""trees outside forests"";"
lto	lead technical officer	26	ready		"lto +> ?""lead technical officer"";"
ocs	outer continental shelf	26	ready		"ocs +> ?""outer continental shelf"";"
ds	divisional secretariat	26	ready		"ds +> ?""divisional secretariat"";"
af-terg	adaptation fund technical evaluation reference group	26	ready		"af-terg +> ?""adaptation fund technical evaluation reference group"";"
fm	forest management	26	ready		"fm +> ?""forest management"";"
emff	european maritime fisheries fund	26	ready		"emff +> ?""european maritime fisheries fund"";"
jci	jordan chamber industry	26	ready		"jci +> ?""jordan chamber industry"";"
ared	accelerated renewable energy development	26	ready		"ared +> ?""accelerated renewable energy development"";"
ama	accreditation master agreement	26	ready		"ama +> ?""accreditation master agreement"";"
sia	social impact assessments	26	ready		"sia +> ?""social impact assessments"";"
decc	department environment climate change	26	ready		"decc +> ?""department environment climate change"";"
wra	water resources authority	26	ready		"wra +> ?""water resources authority"";"
scc	social cost carbon	26	ready		"scc +> ?""social cost carbon"";"
mnr	ministry natural resources	26	ready		"mnr +> ?""ministry natural resources"";"
hri	heat rate improvements	26	ready		"hri +> ?""heat rate improvements"";"
tag	technical advisory group	26	ready		"tag +> ?""technical advisory group"";"
wto	world trade organization	26	ready		"wto +> ?""world trade organization"";"
nssd	national strategy sustainable development	26	ready		"nssd +> ?""national strategy sustainable development"";"
bsrn	baseline surface radiation network	26	ready		"bsrn +> ?""baseline surface radiation network"";"
iba	important bird areas	26	ready		"iba +> ?""important bird areas"";"
csc	carbon stock change	26	ready		"csc +> ?""carbon stock change"";"
bev	battery electric vehicles	25	ready		"bev +> ?""battery electric vehicles"";"
phmsa	pipeline hazardous materials safety administration	25	ready		"phmsa +> ?""pipeline hazardous materials safety administration"";"
flpma	federal land policy management act	25	ready		"flpma +> ?""federal land policy management act"";"
swds	solid waste disposal sites	25	ready		"swds +> ?""solid waste disposal sites"";"
mrv	monitoring reporting verification	25	ready		"mrv +> ?""monitoring reporting verification"";"
srep	scaling up renewable energy programme	25	ready		"srep +> ?""scaling up renewable energy programme"";"
trifr	total recordable injury frequency rate	25	ready		"trifr +> ?""total recordable injury frequency rate"";"
dede	department alternative energy development efficiency	25	ready		"dede +> ?""department alternative energy development efficiency"";"
gaw	global atmosphere watch	25	ready		"gaw +> ?""global atmosphere watch"";"
unisdr	united nations international strategy disaster reduction	25	ready		"unisdr +> ?""united nations international strategy disaster reduction"";"
kmd	kenya meteorological department	25	ready		"kmd +> ?""kenya meteorological department"";"
fra	forest resources assessment	25	review	ISO code for France	"fra +> ?""forest resources assessment"";"
hud	housing urban development	25	ready		"hud +> ?""housing urban development"";"
cin	corporate identity number	25	ready		"cin +> ?""corporate identity number"";"
memd	ministry energy mineral development	25	ready		"memd +> ?""ministry energy mineral development"";"
npsc	national project steering committee	25	ready		"npsc +> ?""national project steering committee"";"
cco	climate change office	25	ready		"cco +> ?""climate change office"";"
cepf	critical ecosystem partnership fund	25	ready		"cepf +> ?""critical ecosystem partnership fund"";"
icar	indian council agricultural research	25	ready		"icar +> ?""indian council agricultural research"";"
gmsl	global mean sea level	25	ready		"gmsl +> ?""global mean sea level"";"
sbrefa	small business regulatory enforcement fairness act	25	ready		"sbrefa +> ?""small business regulatory enforcement fairness act"";"
bof	basic oxygen furnace	25	ready		"bof +> ?""basic oxygen furnace"";"
mbta	migratory bird treaty act	25	ready		"mbta +> ?""migratory bird treaty act"";"
otec	ocean thermal energy conversion	25	ready		"otec +> ?""ocean thermal energy conversion"";"
dc	direct current	25	ready		"dc +> ?""direct current"";"
cbp	customs border protection	25	ready		"cbp +> ?""customs border protection"";"
czma	coastal zone management act	25	ready		"czma +> ?""coastal zone management act"";"
nmeee	national mission enhanced energy efficiency	25	ready		"nmeee +> ?""national mission enhanced energy efficiency"";"
lpd	land productivity dynamics	25	ready		"lpd +> ?""land productivity dynamics"";"
amoc	atlantic meridional overturning circulation	24	ready		"amoc +> ?""atlantic meridional overturning circulation"";"
ncp	nature s contributions people	24	ready		"ncp +> ?""nature s contributions people"";"
iaea	international atomic energy agency	24	ready		"iaea +> ?""international atomic energy agency"";"
mbt	mechanical biological treatment	24	ready		"mbt +> ?""mechanical biological treatment"";"
ceb	central electricity board	24	ready		"ceb +> ?""central electricity board"";"
can	calcium ammonium nitrate	24	review	ISO code for Canada	"can +> ?""calcium ammonium nitrate"";"
rie	regional implementing entity	24	ready		"rie +> ?""regional implementing entity"";"
pat	perform achieve trade	24	ready		"pat +> ?""perform achieve trade"";"
bbnj	biodiversity beyond national jurisdiction	24	ready		"bbnj +> ?""biodiversity beyond national jurisdiction"";"
cer	clean energy regulator	24	ready		"cer +> ?""clean energy regulator"";"
bccsap	bangladesh climate change strategy action plan	24	ready		"bccsap +> ?""bangladesh climate change strategy action plan"";"
fe	final evaluation	24	ready		"fe +> ?""final evaluation"";"
odi	overseas development institute	24	ready		"odi +> ?""overseas development institute"";"
pic	prior informed consent	24	ready		"pic +> ?""prior informed consent"";"
ndvi	normalized difference vegetation index	24	ready		"ndvi +> ?""normalized difference vegetation index"";"
awb	alto wangki bocay	24	ready		"awb +> ?""alto wangki bocay"";"
ra	reference approach	24	ready		"ra +> ?""reference approach"";"
lvw	loaded vehicle weight	24	ready		"lvw +> ?""loaded vehicle weight"";"
amrut	atal mission rejuvenation urban transformation	24	ready		"amrut +> ?""atal mission rejuvenation urban transformation"";"
ami	advanced metering infrastructure	24	ready		"ami +> ?""advanced metering infrastructure"";"
cpcb	central pollution control board	24	ready		"cpcb +> ?""central pollution control board"";"
rsda	rural self help development association	24	ready		"rsda +> ?""rural self help development association"";"
mla	mineral leasing act	24	ready		"mla +> ?""mineral leasing act"";"
eif	environmental investment fund	24	ready		"eif +> ?""environmental investment fund"";"
pwd	public works department	24	ready		"pwd +> ?""public works department"";"
giss	goddard institute space studies	24	ready		"giss +> ?""goddard institute space studies"";"
cm	cropland management	24	review	ISO-2 prefix, Cameroon	"cm +> ?""cropland management"";"
goos	global ocean observing system	24	ready		"goos +> ?""global ocean observing system"";"
ahs	american housing survey	24	ready		"ahs +> ?""american housing survey"";"
ncsd	national council sustainable development	24	ready		"ncsd +> ?""national council sustainable development"";"
cait	climate analysis indicators tool	24	ready		"cait +> ?""climate analysis indicators tool"";"
ppe	personal protective equipment	24	ready		"ppe +> ?""personal protective equipment"";"
ndf	nordic development fund	24	ready		"ndf +> ?""nordic development fund"";"
kff	katse fish farm	24	ready		"kff +> ?""katse fish farm"";"
lta	land transport authority	24	ready		"lta +> ?""land transport authority"";"
napcc	national action plan climate change	24	ready		"napcc +> ?""national action plan climate change"";"
pact	protected areas conservation trust	24	ready		"pact +> ?""protected areas conservation trust"";"
smartd	southern mountains association rural transformation development	24	ready		"smartd +> ?""southern mountains association rural transformation development"";"
ams	american meteorological society	24	ready		"ams +> ?""american meteorological society"";"
aps	announced pledges scenario	23	ready		"aps +> ?""announced pledges scenario"";"
cida	canadian international development agency	23	ready		"cida +> ?""canadian international development agency"";"
mics	multiple indicator cluster survey	23	ready		"mics +> ?""multiple indicator cluster survey"";"
fsds	federal sustainable development strategy	23	ready		"fsds +> ?""federal sustainable development strategy"";"
acs	american community survey	23	ready		"acs +> ?""american community survey"";"
egu	electric generating unit	23	ready		"egu +> ?""electric generating unit"";"
pifs	pacific islands forum secretariat	23	ready		"pifs +> ?""pacific islands forum secretariat"";"
dbm	department budget management	23	ready		"dbm +> ?""department budget management"";"
elaw	environmental law alliance worldwide	23	ready		"elaw +> ?""environmental law alliance worldwide"";"
an	ammonium nitrate	23	review	ISO-2 prefix, Andorra	"an +> ?""ammonium nitrate"";"
itto	international tropical timber organization	23	ready		"itto +> ?""international tropical timber organization"";"
fon	fraction applied organic n	23	ready		"fon +> ?""fraction applied organic n"";"
wrc	water resources commission	23	ready		"wrc +> ?""water resources commission"";"
mcm	million cubic meters	23	ready		"mcm +> ?""million cubic meters"";"
scaqmd	south coast air quality management district	23	ready		"scaqmd +> ?""south coast air quality management district"";"
wcf	wildlife conservation forces	23	ready		"wcf +> ?""wildlife conservation forces"";"
narei	national agricultural research extension institute	23	ready		"narei +> ?""national agricultural research extension institute"";"
sne	single national entity	23	ready		"sne +> ?""single national entity"";"
dip	dissolved inorganic phosphorus	23	ready		"dip +> ?""dissolved inorganic phosphorus"";"
din	dissolved inorganic nitrogen	23	ready		"din +> ?""dissolved inorganic nitrogen"";"
wfd	water framework directive	23	ready		"wfd +> ?""water framework directive"";"
sbti	science based targets initiative	23	ready		"sbti +> ?""science based targets initiative"";"
eeas	european external action service	23	ready		"eeas +> ?""european external action service"";"
ltrc	land transport regulatory commission	23	ready		"ltrc +> ?""land transport regulatory commission"";"
iiasa	international institute applied systems analysis	23	ready		"iiasa +> ?""international institute applied systems analysis"";"
brcrn	building resilient churia region nepal	23	ready		"brcrn +> ?""building resilient churia region nepal"";"
mtt	ministry transport telecommunications	23	ready		"mtt +> ?""ministry transport telecommunications"";"
tea	thailand energy academy	23	ready		"tea +> ?""thailand energy academy"";"
nlc	national league cities	23	ready		"nlc +> ?""national league cities"";"
oecs	organisation eastern caribbean states	23	ready		"oecs +> ?""organisation eastern caribbean states"";"
nsec	north seas energy cooperation	23	ready		"nsec +> ?""north seas energy cooperation"";"
cb	capacity building	23	ready		"cb +> ?""capacity building"";"
meau	multilateral environmental agreements unit	23	ready		"meau +> ?""multilateral environmental agreements unit"";"
dhs	demographic health survey	23	ready		"dhs +> ?""demographic health survey"";"
sef	standard electronic format	23	ready		"sef +> ?""standard electronic format"";"
cac	criteria air contaminant	23	ready		"cac +> ?""criteria air contaminant"";"
nmvoc	non methane volatile organic compounds	23	ready		"nmvoc +> ?""non methane volatile organic compounds"";"
gfcs	global framework climate services	22	ready		"gfcs +> ?""global framework climate services"";"
etp	efficient territorial planning	22	ready		"etp +> ?""efficient territorial planning"";"
cpeir	climate public expenditure institutional review	22	ready		"cpeir +> ?""climate public expenditure institutional review"";"
strpp	separately transferable redeemable principal parts	22	ready		"strpp +> ?""separately transferable redeemable principal parts"";"
irfa	initial regulatory flexibility analysis	22	ready		"irfa +> ?""initial regulatory flexibility analysis"";"
gfei	global fuel economy initiative	22	ready		"gfei +> ?""global fuel economy initiative"";"
nccsc	national climate change steering committee	22	ready		"nccsc +> ?""national climate change steering committee"";"
bemip	baltic energy market interconnection plan	22	ready		"bemip +> ?""baltic energy market interconnection plan"";"
rdf	refuse derived fuel	22	ready		"rdf +> ?""refuse derived fuel"";"
unece	united nations economic commission europe	22	ready		"unece +> ?""united nations economic commission europe"";"
wcrp	world climate research programme	22	ready		"wcrp +> ?""world climate research programme"";"
ura	utilities regulatory authority	22	ready		"ura +> ?""utilities regulatory authority"";"
piw	project inception workshop	22	ready		"piw +> ?""project inception workshop"";"
anpdf	afghanistan national peace development framework	22	ready		"anpdf +> ?""afghanistan national peace development framework"";"
sgp	small grants programme	22	review	ISO code for Singapore	"sgp +> ?""small grants programme"";"
asd	assessment standards division	22	ready		"asd +> ?""assessment standards division"";"
desnz	department energy security net zero	22	ready		"desnz +> ?""department energy security net zero"";"
dfo	domestic fuel oil	22	ready		"dfo +> ?""domestic fuel oil"";"
tess	trademark electronic search system	22	ready		"tess +> ?""trademark electronic search system"";"
esif	european structural investment funds	22	ready		"esif +> ?""european structural investment funds"";"
kfs	korea forest service	22	ready		"kfs +> ?""korea forest service"";"
nrm	natural resource management	22	ready		"nrm +> ?""natural resource management"";"
ntf	national task force	22	ready		"ntf +> ?""national task force"";"
araf	acumen resilient agriculture fund	22	ready		"araf +> ?""acumen resilient agriculture fund"";"
tha	tobago house assembly	22	review	ISO code for Thailand	"tha +> ?""tobago house assembly"";"
card	consolidated admissions reporting directive	22	ready		"card +> ?""consolidated admissions reporting directive"";"
nsf	national science foundation	22	ready		"nsf +> ?""national science foundation"";"
shs	solar home systems	22	ready		"shs +> ?""solar home systems"";"
psd	prevention significant deterioration	22	ready		"psd +> ?""prevention significant deterioration"";"
frfa	final regulatory flexibility analysis	22	ready		"frfa +> ?""final regulatory flexibility analysis"";"
ohs	occupational health safety	22	ready		"ohs +> ?""occupational health safety"";"
rei	renewable energy integration	22	ready		"rei +> ?""renewable energy integration"";"
bil	bipartisan infrastructure law	22	ready		"bil +> ?""bipartisan infrastructure law"";"
ecreee	ecowas centre renewable energy energy efficiency	22	ready		"ecreee +> ?""ecowas centre renewable energy energy efficiency"";"
crc	convention rights child	22	ready		"crc +> ?""convention rights child"";"
gfanz	glasgow financial alliance net zero	22	ready		"gfanz +> ?""glasgow financial alliance net zero"";"
rec	renewable energy certificate	22	ready		"rec +> ?""renewable energy certificate"";"
sib	statistical institute belize	22	ready		"sib +> ?""statistical institute belize"";"
ngfs	network greening financial system	22	ready		"ngfs +> ?""network greening financial system"";"
fema	federal emergency management agency	22	ready		"fema +> ?""federal emergency management agency"";"
miit	ministry industry information technology	22	ready		"miit +> ?""ministry industry information technology"";"
weto	world energy transitions outlook	21	ready		"weto +> ?""world energy transitions outlook"";"
plli	ptt leadership learning institute	21	ready		"plli +> ?""ptt leadership learning institute"";"
nmsa	national mission sustainable agriculture	21	ready		"nmsa +> ?""national mission sustainable agriculture"";"
imd	india meteorological department	21	ready		"imd +> ?""india meteorological department"";"
ncar	national center atmospheric research	21	ready		"ncar +> ?""national center atmospheric research"";"
epca	energy policy conservation act	21	ready		"epca +> ?""energy policy conservation act"";"
fso	federal statistical office	21	ready		"fso +> ?""federal statistical office"";"
fmi	finnish meteorological institute	21	ready		"fmi +> ?""finnish meteorological institute"";"
mct	micronesia conservation trust	21	ready		"mct +> ?""micronesia conservation trust"";"
gvwr	gross vehicle weight rating	21	ready		"gvwr +> ?""gross vehicle weight rating"";"
mrd	ministry rural development	21	ready		"mrd +> ?""ministry rural development"";"
ncco	national climate change office	21	ready		"ncco +> ?""national climate change office"";"
crva	climate risk vulnerability assessment	21	ready		"crva +> ?""climate risk vulnerability assessment"";"
awpb	annual work plan budget	21	ready		"awpb +> ?""annual work plan budget"";"
erm	enterprise risk management	21	ready		"erm +> ?""enterprise risk management"";"
ar	afforestation reforestation	21	review	ISO-2 prefix, United Arab Emirates	"ar +> ?""afforestation reforestation"";"
cyen	caribbean youth environment network	21	ready		"cyen +> ?""caribbean youth environment network"";"
gga	global goal adaptation	21	review	already a rule in passages.sr	"gga +> ?""global goal adaptation"";"
cefc	clean energy finance corporation	21	ready		"cefc +> ?""clean energy finance corporation"";"
tec	technology executive committee	21	ready		"tec +> ?""technology executive committee"";"
emci	emergency management cook islands	21	ready		"emci +> ?""emergency management cook islands"";"
iod	indian ocean dipole	21	ready		"iod +> ?""indian ocean dipole"";"
ecbc	energy conservation building code	21	ready		"ecbc +> ?""energy conservation building code"";"
fd	forest department	21	ready		"fd +> ?""forest department"";"
gbff	global biodiversity framework fund	21	ready		"gbff +> ?""global biodiversity framework fund"";"
uaw	united auto workers	21	ready		"uaw +> ?""united auto workers"";"
dls	department livestock services	21	ready		"dls +> ?""department livestock services"";"
wspa	western states petroleum association	21	ready		"wspa +> ?""western states petroleum association"";"
atsdr	agency toxic substances disease registry	21	ready		"atsdr +> ?""agency toxic substances disease registry"";"
grs	grievance redress service	21	ready		"grs +> ?""grievance redress service"";"
icct	international council clean transportation	21	ready		"icct +> ?""international council clean transportation"";"
sbaa	standard basic assistance agreement	21	ready		"sbaa +> ?""standard basic assistance agreement"";"
dps	digital proposal submission	21	ready		"dps +> ?""digital proposal submission"";"
lms	lesotho meteorological services	21	ready		"lms +> ?""lesotho meteorological services"";"
gbv	gender based violence	21	ready		"gbv +> ?""gender based violence"";"
enrm	environment natural resources management	21	ready		"enrm +> ?""environment natural resources management"";"
fpic	free prior informed consent	21	ready		"fpic +> ?""free prior informed consent"";"
hev	hybrid electric vehicles	21	ready		"hev +> ?""hybrid electric vehicles"";"
gptf	global project task force	21	ready		"gptf +> ?""global project task force"";"
esf	european social fund	21	ready		"esf +> ?""european social fund"";"
igcc	integrated gasification combined cycle	20	ready		"igcc +> ?""integrated gasification combined cycle"";"
eedi	energy efficiency design index	20	ready		"eedi +> ?""energy efficiency design index"";"
knbs	kenya national bureau statistics	20	ready		"knbs +> ?""kenya national bureau statistics"";"
nam	national association manufacturers	20	review	ISO code for Namibia	"nam +> ?""national association manufacturers"";"
cccra	caribsave climate change risk atlas	20	ready		"cccra +> ?""caribsave climate change risk atlas"";"
ipdc	international panel deltas coastal	20	ready		"ipdc +> ?""international panel deltas coastal"";"
wacc	weighted average cost capital	20	ready		"wacc +> ?""weighted average cost capital"";"
hact	harmonized approach cash transfer	20	ready		"hact +> ?""harmonized approach cash transfer"";"
vmm	vlaamse milieu maatschappij	20	ready		"vmm +> ?""vlaamse milieu maatschappij"";"
tpy	tons per year	20	ready		"tpy +> ?""tons per year"";"
ggmc	guyana geology mines commission	20	ready		"ggmc +> ?""guyana geology mines commission"";"
eav	equivalent annualized value	20	ready		"eav +> ?""equivalent annualized value"";"
jsmo	jordan standards metrology organization	20	ready		"jsmo +> ?""jordan standards metrology organization"";"
iks	indigenous knowledge systems	20	ready		"iks +> ?""indigenous knowledge systems"";"
agr	acid gas removal	20	ready		"agr +> ?""acid gas removal"";"
ivc	integrated vector control	20	ready		"ivc +> ?""integrated vector control"";"
mfem	ministry finance economic management	20	ready		"mfem +> ?""ministry finance economic management"";"
eiti	extractive industries transparency initiative	20	ready		"eiti +> ?""extractive industries transparency initiative"";"
cbo	congressional budget office	20	ready		"cbo +> ?""congressional budget office"";"
gcea	general commission environmental affairs	20	ready		"gcea +> ?""general commission environmental affairs"";"
gdwm	general directorate water management	20	ready		"gdwm +> ?""general directorate water management"";"
bsi	botanical survey india	20	ready		"bsi +> ?""botanical survey india"";"
vos	voluntary observing ships	20	ready		"vos +> ?""voluntary observing ships"";"
tvet	technical vocational education training	20	ready		"tvet +> ?""technical vocational education training"";"
cem	clean energy ministerial	20	ready		"cem +> ?""clean energy ministerial"";"
dhw	domestic hot water	20	ready		"dhw +> ?""domestic hot water"";"
uct	university cape town	20	ready		"uct +> ?""university cape town"";"
gor	gas oil ratio	20	ready		"gor +> ?""gas oil ratio"";"
eim-es	economic impact model electricity supply	20	ready		"eim-es +> ?""economic impact model electricity supply"";"
vc	value chain	20	review	ISO-2 prefix, Saint Vincent and the Grenadines	"vc +> ?""value chain"";"
mafs	ministry agriculture food security	20	ready		"mafs +> ?""ministry agriculture food security"";"
ncsa	national capacity self assessment	20	ready		"ncsa +> ?""national capacity self assessment"";"
hrvca	hazard risk vulnerability capacity assessment	20	ready		"hrvca +> ?""hazard risk vulnerability capacity assessment"";"
nab	national advisory board	20	ready		"nab +> ?""national advisory board"";"
ua	uncertainty analysis	20	ready		"ua +> ?""uncertainty analysis"";"
pci	pulverized coal injection	20	ready		"pci +> ?""pulverized coal injection"";"
sbm	swachh bharat mission	20	ready		"sbm +> ?""swachh bharat mission"";"
mew	ministry energy water	20	ready		"mew +> ?""ministry energy water"";"
sapia	south african petroleum industry association	20	ready		"sapia +> ?""south african petroleum industry association"";"
afolu	agriculture forestry other land use	20	ready		"afolu +> ?""agriculture forestry other land use"";"
sump	sustainable urban mobility plans	20	ready		"sump +> ?""sustainable urban mobility plans"";"
idd	industrial development division	20	ready		"idd +> ?""industrial development division"";"
eap	economically active population	20	ready		"eap +> ?""economically active population"";"
mrrd	ministry rural rehabilitation development	20	ready		"mrrd +> ?""ministry rural rehabilitation development"";"
gdfne	general directorate forests natural environment	20	ready		"gdfne +> ?""general directorate forests natural environment"";"
nis	national inventory system	20	ready		"nis +> ?""national inventory system"";"
prtr	pollutant release transfer register	20	ready		"prtr +> ?""pollutant release transfer register"";"
uwi	university west indies	20	ready		"uwi +> ?""university west indies"";"
toc	total organic carbon	20	ready		"toc +> ?""total organic carbon"";"
ol	other land	20	ready		"ol +> ?""other land"";"
bgepa	bald golden eagle protection act	20	ready		"bgepa +> ?""bald golden eagle protection act"";"
dce	danish centre environment	20	ready		"dce +> ?""danish centre environment"";"
gbif	global biodiversity information facility	20	ready		"gbif +> ?""global biodiversity information facility"";"
hfa	hyogo framework action	20	ready		"hfa +> ?""hyogo framework action"";"
